loan_amnt,term,int_rate,installment,grade,emp_length,home_ownership,annual_inc,verification_status,purpose,dti,delinq_2yrs,fico_range_low,revol_util,loan_status
7600,36 months,11.39,250.22,B,3 years,MORTGAGE,72500,Verified,debt_consolidation,13.12,1,725,48.0,Fully Paid
12800,60 months,14.74,302.77,C,10+ years,RENT,24500,Not Verified,debt_consolidation,28.1,0,692,50.5,Fully Paid
11400,36 months,7.06,352.31,A,3 years,MORTGAGE,112500,Verified,debt_consolidation,22.78,0,747,66.4,Fully Paid
40000,36 months,21.11,1509.26,E,8 years,RENT,71300,Verified,debt_consolidation,15.85,0,671,17.6,Fully Paid
12600,36 months,9.99,406.51,B,6 years,RENT,63500,Not Verified,debt_consolidation,9.31,1,733,39.0,Fully Paid
39600,60 months,11.67,874.29,B,10+ years,MORTGAGE,71500,Not Verified,debt_consolidation,22.94,0,703,86.1,Charged Off
6900,36 months,15.96,242.45,C,10+ years,OWN,42800,Source Verified,debt_consolidation,13.13,0,709,19.4,Charged Off
40000,60 months,23.11,1130.15,F,10+ years,RENT,50700,Not Verified,small_business,8.04,0,665,52.5,Charged Off
5900,36 months,14.08,201.88,D,3 years,RENT,106200,Verified,debt_consolidation,29.71,0,684,88.0,Charged Off
12400,36 months,10.43,402.62,B,10+ years,MORTGAGE,25200,Not Verified,credit_card,31.54,0,716,72.1,Charged Off
7600,36 months,14.22,260.56,C,10+ years,OWN,165900,Verified,debt_consolidation,18.3,0,701,59.8,Fully Paid
5900,36 months,14.97,204.44,C,7 years,RENT,67100,Not Verified,debt_consolidation,32.3,0,701,80.2,Fully Paid
8300,36 months,20.72,311.51,E,10+ years,MORTGAGE,48600,Not Verified,home_improvement,16.16,0,672,39.2,Fully Paid
24600,36 months,15.84,862.92,C,10+ years,MORTGAGE,114800,Not Verified,major_purchase,25.23,0,696,61.2,Charged Off
10500,60 months,7.93,212.55,A,10+ years,MORTGAGE,130700,Not Verified,debt_consolidation,17.16,0,770,64.0,Fully Paid
7600,36 months,13.93,259.49,C,5 years,RENT,219200,Not Verified,other,15.71,0,673,25.9,Fully Paid
5200,36 months,21.95,198.46,F,7 years,MORTGAGE,33600,Source Verified,debt_consolidation,26.09,0,653,52.2,Fully Paid
10700,36 months,13.62,363.73,C,7 years,MORTGAGE,106900,Verified,debt_consolidation,21.82,0,708,86.8,Fully Paid
40000,36 months,6.95,1234.17,A,9 years,MORTGAGE,26800,Not Verified,debt_consolidation,6.79,0,748,47.3,Fully Paid
6000,36 months,7.91,187.77,A,10+ years,RENT,75700,Source Verified,home_improvement,23.53,1,774,64.6,Fully Paid
13100,36 months,13.04,441.64,C,8 years,MORTGAGE,85500,Verified,credit_card,20.98,0,719,56.5,Fully Paid
11600,60 months,12.43,260.56,C,< 1 year,RENT,45500,Source Verified,debt_consolidation,6.5,0,690,71.0,Fully Paid
10500,36 months,13.5,356.32,D,7 years,RENT,87200,Not Verified,debt_consolidation,14.78,0,695,25.1,Fully Paid
9000,36 months,14.09,307.99,D,3 years,MORTGAGE,71500,Source Verified,credit_card,32.21,1,706,29.6,Fully Paid
10000,60 months,8.09,203.19,A,< 1 year,MORTGAGE,127800,Verified,medical,5.25,0,761,70.0,Fully Paid
19200,36 months,10.22,621.52,B,9 years,OWN,80300,Source Verified,debt_consolidation,19.69,1,727,80.7,Fully Paid
17200,36 months,17.06,613.74,D,< 1 year,MORTGAGE,59500,Verified,debt_consolidation,9.78,1,677,54.1,Fully Paid
10000,36 months,19.18,367.47,D,3 years,MORTGAGE,99400,Source Verified,debt_consolidation,2.9,0,678,63.9,Charged Off
14200,60 months,10.14,302.69,B,10+ years,RENT,77100,Source Verified,debt_consolidation,13.51,1,721,39.4,Fully Paid
22800,36 months,8.75,722.38,B,< 1 year,RENT,52800,Not Verified,debt_consolidation,7.8,1,695,77.0,Fully Paid
4900,60 months,15.07,116.75,D,10+ years,MORTGAGE,117500,Not Verified,major_purchase,16.46,0,662,77.0,Fully Paid
36400,60 months,30.0,1177.66,G,10+ years,MORTGAGE,38600,Not Verified,credit_card,11.15,1,654,35.4,Charged Off
12600,60 months,19.49,330.26,E,2 years,MORTGAGE,87500,Not Verified,debt_consolidation,15.54,0,658,38.8,Fully Paid
8800,36 months,15.67,307.95,D,2 years,RENT,38400,Not Verified,home_improvement,20.18,0,668,26.3,Fully Paid
25400,60 months,12.83,575.72,C,7 years,MORTGAGE,93400,Not Verified,other,30.69,0,711,60.8,Fully Paid
9900,36 months,11.69,327.36,B,2 years,MORTGAGE,69800,Verified,major_purchase,36.82,1,717,35.9,Fully Paid
14700,36 months,28.23,609.87,G,10+ years,MORTGAGE,12000,Not Verified,debt_consolidation,24.71,0,645,65.5,Charged Off
9400,36 months,16.73,333.87,D,10+ years,RENT,80600,Not Verified,debt_consolidation,12.4,0,669,59.0,Fully Paid
3600,36 months,8.1,112.98,A,10+ years,RENT,161400,Verified,credit_card,23.05,2,744,49.1,Charged Off
7700,60 months,9.96,163.45,B,,MORTGAGE,205000,Source Verified,credit_card,8.2,0,739,63.3,Fully Paid
25600,60 months,14.87,607.28,C,10+ years,MORTGAGE,133700,Source Verified,other,16.92,1,694,55.3,Fully Paid
5300,60 months,11.6,116.83,C,7 years,RENT,85400,Not Verified,debt_consolidation,26.09,0,680,61.5,Fully Paid
6400,36 months,10.61,208.35,B,10+ years,MORTGAGE,80900,Verified,debt_consolidation,26.14,0,719,27.4,Fully Paid
26200,36 months,19.9,972.35,E,9 years,MORTGAGE,79100,Not Verified,credit_card,16.37,1,665,57.3,Fully Paid
15200,60 months,12.98,345.69,C,4 years,MORTGAGE,238000,Not Verified,debt_consolidation,11.13,0,709,31.3,Fully Paid
9900,36 months,6.47,303.29,A,10+ years,MORTGAGE,52300,Not Verified,debt_consolidation,10.1,1,737,62.3,Fully Paid
20600,36 months,11.79,682.15,B,10+ years,RENT,27700,Source Verified,debt_consolidation,8.47,0,714,46.8,Fully Paid
16400,36 months,14.77,566.67,C,2 years,MORTGAGE,36500,Verified,debt_consolidation,6.36,0,695,32.4,Fully Paid
8400,36 months,9.85,270.45,B,6 years,RENT,116700,Verified,debt_consolidation,25.96,0,713,40.2,Fully Paid
34000,60 months,9.17,708.59,B,5 years,MORTGAGE,66300,Source Verified,credit_card,16.23,0,740,61.1,Charged Off
8100,36 months,8.66,256.3,B,6 years,MORTGAGE,60900,Not Verified,debt_consolidation,26.5,0,715,70.0,Fully Paid
17500,36 months,13.35,592.6,C,10+ years,RENT,28300,Not Verified,debt_consolidation,19.98,0,705,43.8,Fully Paid
12100,60 months,9.7,255.31,B,2 years,OWN,70200,Source Verified,debt_consolidation,13.82,1,727,39.6,Fully Paid
40000,36 months,14.61,1378.99,D,8 years,RENT,41000,Verified,debt_consolidation,20.12,0,693,64.4,Fully Paid
5100,60 months,9.02,105.92,B,2 years,MORTGAGE,86800,Source Verified,debt_consolidation,6.5,0,712,64.8,Fully Paid
6900,60 months,12.66,155.8,C,6 years,RENT,127300,Not Verified,credit_card,22.57,1,712,48.5,Charged Off
14000,36 months,10.32,453.85,B,10+ years,OWN,90000,Source Verified,small_business,27.84,0,712,49.6,Fully Paid
9900,36 months,11.72,327.5,C,9 years,RENT,16500,Not Verified,car,15.89,0,717,53.5,Charged Off
12700,60 months,18.81,328.12,E,10+ years,RENT,39800,Source Verified,small_business,16.33,0,667,43.5,Fully Paid
16000,36 months,20.53,598.95,E,8 years,RENT,124600,Source Verified,debt_consolidation,31.15,0,698,59.4,Fully Paid
40000,36 months,21.85,1524.52,E,< 1 year,RENT,90400,Not Verified,debt_consolidation,15.15,0,663,14.8,Fully Paid
4700,60 months,12.8,106.46,C,9 years,MORTGAGE,63300,Not Verified,car,18.49,0,693,35.2,Fully Paid
13900,36 months,11.39,457.64,B,10+ years,RENT,76600,Not Verified,debt_consolidation,11.07,0,704,50.6,Fully Paid
4800,36 months,16.06,168.9,C,10+ years,RENT,61300,Verified,debt_consolidation,13.63,0,718,46.1,Fully Paid
9700,36 months,17.03,345.98,E,2 years,OWN,44300,Not Verified,car,25.96,1,661,18.5,Charged Off
20200,60 months,15.96,490.8,D,,OWN,44700,Verified,debt_consolidation,14.4,0,677,55.4,Fully Paid
9400,36 months,13.72,319.99,C,10+ years,RENT,70200,Not Verified,credit_card,11.75,0,698,85.2,Fully Paid
17500,36 months,12.66,586.78,C,7 years,MORTGAGE,49100,Not Verified,debt_consolidation,11.12,1,712,46.2,Charged Off
22200,36 months,14.25,761.44,C,1 year,RENT,54200,Source Verified,debt_consolidation,9.97,0,691,40.7,Fully Paid
24800,60 months,12.96,563.77,C,9 years,MORTGAGE,34300,Source Verified,home_improvement,19.66,0,699,33.4,Fully Paid
6200,36 months,8.8,196.58,B,10+ years,RENT,32700,Source Verified,debt_consolidation,23.95,1,731,48.5,Fully Paid
8900,36 months,16.32,314.31,D,3 years,MORTGAGE,79300,Not Verified,credit_card,17.66,0,669,34.8,Fully Paid
25000,36 months,23.2,970.35,F,6 years,RENT,51200,Source Verified,credit_card,9.33,0,651,47.4,Fully Paid
5700,60 months,12.88,129.34,C,9 years,OWN,17900,Verified,home_improvement,32.12,1,709,26.7,Fully Paid
10500,60 months,10.79,227.2,B,2 years,MORTGAGE,65400,Not Verified,debt_consolidation,10.61,0,694,87.8,Fully Paid
11700,36 months,7.63,364.64,A,5 years,MORTGAGE,90300,Not Verified,debt_consolidation,19.25,0,727,44.4,Fully Paid
13400,36 months,16.12,471.9,D,3 years,MORTGAGE,66500,Not Verified,credit_card,7.65,0,680,59.4,Fully Paid
6000,36 months,9.39,191.89,B,10+ years,MORTGAGE,78000,Source Verified,debt_consolidation,20.08,0,710,37.0,Charged Off
9000,36 months,14.0,307.6,C,10+ years,MORTGAGE,44100,Not Verified,debt_consolidation,14.99,0,702,33.9,Fully Paid
20500,60 months,19.67,539.37,E,4 years,MORTGAGE,220100,Verified,debt_consolidation,15.46,0,668,54.8,Charged Off
4600,36 months,7.88,143.89,A,3 years,MORTGAGE,41400,Not Verified,major_purchase,8.03,0,736,87.4,Fully Paid
11600,60 months,20.27,309.07,E,10+ years,RENT,40100,Verified,credit_card,21.34,0,649,79.3,Charged Off
8400,36 months,14.51,289.18,C,10+ years,MORTGAGE,57300,Source Verified,credit_card,12.72,0,709,42.3,Fully Paid
20700,36 months,9.63,664.34,B,7 years,RENT,99400,Not Verified,debt_consolidation,17.93,0,700,62.0,Fully Paid
10600,36 months,8.05,332.41,A,10+ years,RENT,29900,Source Verified,debt_consolidation,8.66,0,766,18.6,Fully Paid
14800,36 months,13.65,503.32,C,3 years,MORTGAGE,260400,Verified,credit_card,20.53,0,706,56.4,Fully Paid
7400,60 months,14.54,174.26,D,1 year,RENT,39200,Verified,debt_consolidation,12.7,0,683,83.6,Charged Off
23100,36 months,12.42,771.89,B,10+ years,RENT,82800,Not Verified,debt_consolidation,28.8,2,722,69.1,Fully Paid
14400,36 months,19.97,534.94,E,5 years,MORTGAGE,105500,Not Verified,debt_consolidation,10.57,0,663,49.7,Fully Paid
27200,36 months,9.67,873.46,B,1 year,RENT,165400,Not Verified,debt_consolidation,41.08,0,689,38.5,Charged Off
10300,36 months,10.15,333.08,B,6 years,MORTGAGE,48500,Verified,medical,22.08,0,721,56.8,Fully Paid
5100,36 months,10.94,166.82,B,3 years,MORTGAGE,38400,Not Verified,debt_consolidation,13.7,0,712,41.7,Fully Paid
10000,60 months,15.03,238.06,D,10+ years,MORTGAGE,25700,Source Verified,debt_consolidation,16.04,1,679,29.4,Fully Paid
14900,36 months,13.84,508.09,D,2 years,RENT,109500,Not Verified,credit_card,22.26,1,689,69.0,Fully Paid
9700,60 months,9.8,205.14,B,5 years,RENT,48800,Verified,debt_consolidation,13.02,0,724,46.8,Fully Paid
8900,36 months,10.6,289.69,B,4 years,MORTGAGE,101100,Source Verified,credit_card,16.9,0,726,61.7,Fully Paid
20800,60 months,18.5,533.86,E,8 years,MORTGAGE,197700,Source Verified,debt_consolidation,14.63,1,678,48.3,Fully Paid
14000,60 months,6.97,277.02,A,< 1 year,RENT,66200,Not Verified,debt_consolidation,25.18,0,728,34.6,Fully Paid
14400,36 months,11.08,471.98,C,4 years,RENT,34500,Verified,debt_consolidation,28.52,0,707,26.9,Fully Paid
9000,36 months,10.82,293.88,B,4 years,RENT,93400,Verified,debt_consolidation,35.62,3,721,40.5,Charged Off
35200,60 months,7.82,710.7,A,9 years,RENT,43900,Not Verified,home_improvement,12.16,1,741,38.3,Fully Paid
13300,36 months,15.05,461.37,D,10+ years,RENT,57700,Verified,debt_consolidation,24.5,0,693,23.4,Fully Paid
14700,60 months,5.62,281.6,A,3 years,RENT,77900,Source Verified,credit_card,27.36,0,717,30.5,Charged Off
4700,36 months,19.25,172.88,D,10+ years,RENT,65900,Verified,debt_consolidation,28.57,2,674,16.6,Charged Off
11700,36 months,9.25,373.42,B,10+ years,RENT,42600,Verified,debt_consolidation,12.32,1,704,72.5,Fully Paid
7900,36 months,12.62,264.74,C,4 years,RENT,103900,Verified,debt_consolidation,17.14,0,700,46.0,Fully Paid
29500,36 months,8.01,924.56,B,10+ years,MORTGAGE,178500,Not Verified,debt_consolidation,37.48,0,726,51.6,Fully Paid
6500,36 months,15.55,227.08,D,10+ years,MORTGAGE,78500,Source Verified,debt_consolidation,15.41,0,673,52.7,Fully Paid
7100,36 months,15.13,246.58,C,,RENT,56400,Verified,credit_card,8.16,0,715,56.1,Fully Paid
7600,36 months,23.79,297.33,F,10+ years,RENT,57500,Source Verified,credit_card,14.81,0,654,76.7,Fully Paid
10800,36 months,19.87,400.65,E,10+ years,OWN,56800,Verified,debt_consolidation,9.86,0,653,62.0,Fully Paid
10100,36 months,17.88,364.53,D,5 years,MORTGAGE,43100,Source Verified,debt_consolidation,22.16,0,690,72.9,Fully Paid
26000,36 months,11.5,857.38,B,10+ years,MORTGAGE,48400,Verified,debt_consolidation,29.59,0,711,56.0,Charged Off
11300,36 months,11.06,370.27,B,10+ years,MORTGAGE,71700,Verified,debt_consolidation,16.91,1,703,40.8,Fully Paid
22600,36 months,17.3,809.13,D,< 1 year,RENT,69300,Verified,other,27.25,0,702,57.1,Fully Paid
18500,60 months,10.54,398.0,B,7 years,OWN,42300,Not Verified,debt_consolidation,26.27,0,720,58.0,Fully Paid
11700,36 months,7.77,365.4,A,5 years,RENT,248900,Source Verified,credit_card,13.09,0,758,32.5,Fully Paid
19600,36 months,13.54,665.51,C,4 years,RENT,81600,Not Verified,debt_consolidation,16.86,0,709,64.8,Fully Paid
14500,36 months,14.05,495.93,C,< 1 year,MORTGAGE,29400,Not Verified,debt_consolidation,13.59,0,708,37.8,Fully Paid
15500,36 months,13.53,526.22,C,5 years,MORTGAGE,86400,Verified,debt_consolidation,18.56,0,715,47.8,Fully Paid
12600,36 months,5.92,382.86,A,4 years,RENT,102000,Source Verified,home_improvement,12.96,0,737,62.7,Fully Paid
4600,36 months,12.08,152.96,C,10+ years,MORTGAGE,216900,Not Verified,credit_card,13.37,0,704,79.7,Fully Paid
13500,36 months,13.89,460.68,C,10+ years,RENT,32400,Verified,home_improvement,18.52,0,714,41.1,Fully Paid
17100,36 months,10.18,553.22,B,,RENT,159200,Verified,debt_consolidation,6.59,2,724,81.4,Fully Paid
9200,36 months,16.55,325.95,D,6 years,OWN,39900,Verified,debt_consolidation,17.86,0,670,18.3,Fully Paid
15000,36 months,14.72,517.93,C,10+ years,OWN,112000,Not Verified,debt_consolidation,21.27,1,693,59.0,Fully Paid
20700,60 months,6.32,403.28,A,1 year,RENT,25200,Verified,debt_consolidation,20.96,1,729,28.9,Fully Paid
11300,60 months,14.01,262.99,C,4 years,RENT,112800,Not Verified,debt_consolidation,16.0,1,691,48.1,Fully Paid
8900,60 months,8.01,180.5,A,4 years,MORTGAGE,183400,Not Verified,credit_card,8.91,0,744,36.4,Fully Paid
8400,36 months,18.81,307.1,D,3 years,MORTGAGE,58000,Source Verified,debt_consolidation,19.93,1,677,32.5,Fully Paid
11100,60 months,21.1,300.92,E,2 years,RENT,62700,Not Verified,debt_consolidation,22.78,0,669,64.2,Fully Paid
20500,36 months,10.88,669.98,B,3 years,RENT,45600,Source Verified,debt_consolidation,18.28,1,721,6.4,Fully Paid
4100,36 months,17.45,147.1,D,10+ years,RENT,41500,Source Verified,debt_consolidation,13.02,1,702,53.9,Fully Paid
25500,36 months,15.42,889.22,C,2 years,RENT,119500,Source Verified,credit_card,26.2,0,703,62.6,Fully Paid
13900,36 months,21.95,530.49,E,1 year,MORTGAGE,175900,Verified,debt_consolidation,12.64,1,655,60.4,Fully Paid
14800,60 months,16.3,362.27,D,,MORTGAGE,53500,Not Verified,debt_consolidation,19.08,0,688,21.1,Fully Paid
9900,60 months,11.69,218.67,B,1 year,MORTGAGE,51000,Source Verified,credit_card,31.33,0,712,67.2,Fully Paid
16300,36 months,15.56,569.53,D,10+ years,MORTGAGE,56000,Not Verified,home_improvement,13.77,0,692,33.9,Fully Paid
15800,36 months,8.78,500.82,B,10+ years,RENT,41500,Source Verified,debt_consolidation,17.81,2,707,21.6,Fully Paid
24200,60 months,12.01,538.44,C,10+ years,MORTGAGE,124200,Source Verified,debt_consolidation,27.61,0,713,47.8,Charged Off
32900,36 months,12.63,1102.68,C,2 years,MORTGAGE,75100,Verified,home_improvement,19.79,0,696,41.2,Fully Paid
9500,60 months,15.63,229.16,C,10+ years,RENT,57100,Not Verified,credit_card,26.67,0,687,66.2,Charged Off
9800,36 months,10.84,320.1,B,1 year,RENT,59600,Not Verified,debt_consolidation,34.35,0,721,44.2,Fully Paid
10600,36 months,13.43,359.36,C,10+ years,MORTGAGE,143500,Verified,debt_consolidation,10.47,0,695,21.9,Fully Paid
10800,36 months,14.5,371.75,C,7 years,MORTGAGE,100300,Not Verified,debt_consolidation,19.02,0,711,35.7,Fully Paid
8700,36 months,6.69,267.4,A,5 years,MORTGAGE,66900,Verified,credit_card,6.71,1,759,62.7,Fully Paid
10600,36 months,18.76,387.27,D,4 years,MORTGAGE,25700,Not Verified,debt_consolidation,2.63,0,677,74.2,Fully Paid
11200,60 months,23.28,317.54,E,6 years,MORTGAGE,40600,Verified,debt_consolidation,12.07,1,681,15.1,Charged Off
10500,36 months,11.53,346.4,B,10+ years,MORTGAGE,41300,Not Verified,credit_card,26.8,1,725,83.7,Fully Paid
18900,36 months,14.75,652.86,C,10+ years,RENT,132200,Source Verified,credit_card,22.08,1,705,26.3,Fully Paid
16100,60 months,17.07,400.73,D,7 years,MORTGAGE,47900,Not Verified,small_business,27.75,0,690,14.1,Fully Paid
9800,60 months,10.83,212.25,B,10+ years,MORTGAGE,50400,Not Verified,home_improvement,14.37,0,728,63.4,Charged Off
11800,36 months,14.39,405.53,C,6 years,RENT,253900,Verified,debt_consolidation,25.46,0,717,38.3,Charged Off
12900,36 months,14.52,444.16,C,7 years,OWN,84300,Not Verified,debt_consolidation,15.36,0,683,46.1,Fully Paid
10800,60 months,7.03,214.01,A,5 years,MORTGAGE,37400,Source Verified,debt_consolidation,11.96,1,769,85.0,Fully Paid
22000,60 months,13.71,508.6,C,3 years,MORTGAGE,73300,Source Verified,debt_consolidation,18.55,0,701,51.0,Fully Paid
14500,36 months,9.83,466.72,B,1 year,RENT,28000,Verified,debt_consolidation,13.68,0,728,59.6,Fully Paid
14900,36 months,14.28,511.28,C,1 year,MORTGAGE,58400,Source Verified,home_improvement,8.08,0,715,43.1,Fully Paid
3800,36 months,11.16,124.7,B,10+ years,MORTGAGE,53200,Not Verified,debt_consolidation,21.53,1,716,79.5,Charged Off
12200,60 months,6.56,239.05,A,6 years,MORTGAGE,31600,Not Verified,debt_consolidation,7.5,0,738,56.2,Fully Paid
17800,36 months,5.53,537.73,A,5 years,MORTGAGE,92100,Source Verified,car,22.14,0,737,17.2,Fully Paid
11800,60 months,13.41,270.97,C,3 years,MORTGAGE,80500,Source Verified,other,26.18,2,711,39.1,Fully Paid
14900,36 months,9.65,478.34,B,3 years,RENT,49700,Not Verified,debt_consolidation,24.84,0,702,35.9,Fully Paid
9600,36 months,6.56,294.49,A,1 year,RENT,74800,Source Verified,debt_consolidation,11.72,0,737,32.2,Fully Paid
5000,36 months,13.49,169.65,C,1 year,MORTGAGE,69100,Verified,debt_consolidation,12.91,0,694,57.0,Fully Paid
4400,60 months,15.85,106.65,D,5 years,MORTGAGE,133200,Verified,debt_consolidation,9.63,1,694,25.4,Fully Paid
11500,60 months,12.22,257.09,C,10+ years,OWN,68400,Source Verified,debt_consolidation,10.0,0,684,57.2,Fully Paid
21200,36 months,14.05,725.08,D,7 years,MORTGAGE,41200,Verified,other,9.67,0,691,70.3,Fully Paid
13100,36 months,13.24,442.91,C,< 1 year,RENT,16400,Not Verified,debt_consolidation,8.11,0,708,20.4,Fully Paid
16300,36 months,15.82,571.61,C,10+ years,MORTGAGE,61200,Source Verified,debt_consolidation,7.03,0,712,26.5,Fully Paid
11600,60 months,13.25,265.42,C,10+ years,MORTGAGE,60800,Not Verified,credit_card,22.8,0,691,34.1,Fully Paid
20400,36 months,29.84,864.23,G,2 years,RENT,66400,Not Verified,major_purchase,14.74,0,673,65.0,Charged Off
17200,36 months,10.38,558.07,B,9 years,RENT,36800,Not Verified,debt_consolidation,10.5,0,717,19.4,Fully Paid
5700,36 months,6.94,175.84,A,< 1 year,MORTGAGE,82800,Source Verified,debt_consolidation,31.57,0,729,42.4,Fully Paid
6800,36 months,30.0,288.67,G,5 years,MORTGAGE,195400,Verified,medical,19.29,0,689,43.5,Fully Paid
11900,60 months,14.14,277.76,C,10+ years,RENT,39200,Verified,debt_consolidation,12.05,0,691,71.6,Fully Paid
20500,36 months,14.54,706.03,C,5 years,RENT,186700,Not Verified,major_purchase,9.72,0,710,12.1,Fully Paid
5600,36 months,13.37,189.69,D,3 years,MORTGAGE,56200,Not Verified,debt_consolidation,20.2,1,686,16.3,Fully Paid
9100,60 months,9.94,193.08,B,7 years,MORTGAGE,37400,Not Verified,debt_consolidation,8.06,0,716,17.2,Fully Paid
17800,60 months,12.37,399.29,C,8 years,MORTGAGE,133000,Not Verified,credit_card,24.37,0,710,27.4,Fully Paid
11800,36 months,7.31,366.02,A,9 years,MORTGAGE,48700,Not Verified,credit_card,28.48,0,764,69.6,Fully Paid
7500,60 months,11.39,164.53,C,< 1 year,RENT,83000,Verified,credit_card,8.71,0,714,69.5,Fully Paid
14400,60 months,11.31,315.32,B,3 years,MORTGAGE,70900,Not Verified,other,14.54,3,694,20.5,Fully Paid
12500,36 months,6.61,383.74,A,5 years,RENT,138100,Not Verified,debt_consolidation,14.68,0,726,82.5,Fully Paid
19600,60 months,7.33,391.16,A,3 years,MORTGAGE,87700,Verified,credit_card,25.97,0,752,,Fully Paid
8600,36 months,14.0,293.93,C,10+ years,MORTGAGE,98100,Not Verified,debt_consolidation,23.29,0,689,46.1,Fully Paid
13800,60 months,18.56,354.65,E,10+ years,RENT,218000,Verified,debt_consolidation,16.2,0,659,78.1,Fully Paid
21600,36 months,18.61,787.52,D,2 years,RENT,38300,Not Verified,debt_consolidation,8.71,0,672,41.2,Fully Paid
13200,36 months,7.2,408.79,A,10+ years,MORTGAGE,40100,Verified,debt_consolidation,9.69,0,757,47.5,Fully Paid
11100,36 months,10.84,362.56,C,10+ years,RENT,58600,Verified,home_improvement,22.8,1,686,57.0,Fully Paid
40000,60 months,13.99,930.52,C,10+ years,RENT,60400,Verified,debt_consolidation,25.61,1,710,56.9,Fully Paid
13000,60 months,10.8,281.36,B,7 years,RENT,221600,Not Verified,home_improvement,21.79,0,705,71.1,Fully Paid
5800,36 months,14.77,200.41,C,1 year,MORTGAGE,114100,Verified,credit_card,10.3,0,720,82.6,Charged Off
40000,36 months,11.03,1310.12,B,2 years,MORTGAGE,50800,Not Verified,debt_consolidation,10.52,0,726,35.7,Fully Paid
15500,60 months,5.71,297.57,A,< 1 year,MORTGAGE,103700,Source Verified,credit_card,25.28,0,740,38.9,Fully Paid
4500,36 months,11.65,148.71,C,10+ years,MORTGAGE,114700,Source Verified,debt_consolidation,16.74,1,697,65.4,Charged Off
28700,36 months,19.3,1056.39,E,4 years,MORTGAGE,109300,Source Verified,other,27.19,1,670,,Charged Off
10100,60 months,16.84,250.14,D,2 years,MORTGAGE,211200,Verified,debt_consolidation,44.52,0,683,59.0,Charged Off
11900,36 months,17.32,426.17,D,6 years,MORTGAGE,91000,Not Verified,home_improvement,18.58,0,692,17.3,Fully Paid
6100,36 months,6.13,185.93,A,10+ years,RENT,77800,Source Verified,home_improvement,32.22,0,753,48.9,Charged Off
16700,36 months,13.85,569.55,C,9 years,RENT,24600,Verified,debt_consolidation,20.27,0,718,43.4,Fully Paid
11900,36 months,9.36,380.41,B,2 years,MORTGAGE,63100,Not Verified,debt_consolidation,27.61,0,720,61.1,Fully Paid
9900,60 months,7.3,197.44,A,10+ years,MORTGAGE,86700,Verified,debt_consolidation,22.22,0,747,52.9,Fully Paid
21800,60 months,21.21,592.34,E,10+ years,RENT,203300,Source Verified,credit_card,11.83,1,659,42.4,Fully Paid
24200,60 months,8.88,500.94,B,7 years,RENT,67100,Not Verified,credit_card,16.8,0,735,91.9,Fully Paid
21700,60 months,11.28,474.85,B,3 years,MORTGAGE,52600,Not Verified,debt_consolidation,9.16,0,740,39.5,Charged Off
10100,36 months,12.2,336.43,C,6 years,MORTGAGE,115700,Source Verified,credit_card,12.96,0,691,41.8,Fully Paid
8600,36 months,7.07,265.82,A,3 years,MORTGAGE,64400,Source Verified,debt_consolidation,17.02,1,758,55.9,Fully Paid
5900,36 months,7.4,183.26,A,1 year,MORTGAGE,39600,Not Verified,major_purchase,17.1,0,746,48.8,Fully Paid
8300,36 months,15.44,289.51,D,10+ years,RENT,44600,Not Verified,debt_consolidation,32.81,1,676,73.2,Charged Off
5600,60 months,17.15,139.63,D,10+ years,MORTGAGE,39000,Source Verified,small_business,24.87,0,693,56.3,Fully Paid
5700,60 months,10.98,123.87,B,10+ years,MORTGAGE,50300,Not Verified,debt_consolidation,12.73,0,716,51.6,Fully Paid
12700,36 months,22.62,489.1,E,10+ years,OWN,72100,Source Verified,debt_consolidation,31.65,0,664,56.8,Charged Off
14600,36 months,6.85,449.8,A,< 1 year,RENT,70000,Source Verified,debt_consolidation,22.69,0,739,57.5,Fully Paid
31500,36 months,9.42,1007.86,B,< 1 year,MORTGAGE,24000,Source Verified,home_improvement,10.28,1,722,55.5,Fully Paid
7600,36 months,8.04,238.3,B,5 years,MORTGAGE,124200,Verified,credit_card,11.69,0,739,59.2,Fully Paid
16400,36 months,19.35,604.06,E,1 year,MORTGAGE,104600,Verified,credit_card,23.29,2,677,27.3,Fully Paid
4000,60 months,7.48,80.11,A,10+ years,MORTGAGE,53500,Verified,debt_consolidation,17.11,0,761,88.5,Fully Paid
17000,36 months,11.33,559.22,C,10+ years,MORTGAGE,31600,Verified,car,23.94,0,702,26.3,Fully Paid
10000,36 months,9.35,319.63,B,< 1 year,MORTGAGE,105800,Verified,debt_consolidation,18.09,0,718,40.1,Fully Paid
11100,60 months,14.19,259.37,D,1 year,MORTGAGE,215900,Not Verified,debt_consolidation,20.06,0,696,43.5,Fully Paid
9300,36 months,6.68,285.8,A,4 years,OWN,45200,Source Verified,debt_consolidation,20.47,0,732,27.6,Fully Paid
19100,36 months,14.3,655.58,C,3 years,OWN,33100,Not Verified,debt_consolidation,5.93,0,697,54.8,Fully Paid
10400,36 months,14.68,358.89,C,10+ years,MORTGAGE,56900,Verified,debt_consolidation,17.56,1,711,38.5,Fully Paid
9700,36 months,10.01,313.04,B,1 year,RENT,22100,Not Verified,home_improvement,29.28,1,737,51.9,Charged Off
5200,60 months,8.31,106.21,A,10+ years,MORTGAGE,71100,Verified,home_improvement,15.75,0,755,19.1,Fully Paid
10300,60 months,6.8,202.98,A,4 years,RENT,185800,Not Verified,debt_consolidation,13.72,0,758,73.1,Fully Paid
22100,36 months,8.4,696.62,A,10+ years,RENT,130400,Source Verified,debt_consolidation,15.04,0,755,73.5,Fully Paid
12800,36 months,12.72,429.56,B,10+ years,MORTGAGE,189600,Verified,credit_card,16.84,0,704,64.7,Fully Paid
9200,60 months,15.16,219.64,D,3 years,MORTGAGE,177900,Not Verified,debt_consolidation,17.65,0,692,75.5,Fully Paid
7800,36 months,9.01,248.07,B,5 years,MORTGAGE,103800,Source Verified,credit_card,19.86,0,706,37.3,Fully Paid
9500,36 months,5.91,288.62,A,5 years,RENT,112200,Verified,debt_consolidation,15.78,0,722,57.5,Fully Paid
9200,36 months,15.89,322.95,D,10+ years,MORTGAGE,38000,Source Verified,credit_card,22.68,1,690,69.0,Charged Off
7900,36 months,11.6,260.89,C,10+ years,MORTGAGE,112200,Source Verified,credit_card,3.96,0,692,58.4,Fully Paid
16400,36 months,11.59,541.51,C,3 years,MORTGAGE,29600,Not Verified,debt_consolidation,30.85,0,705,61.3,Fully Paid
40000,36 months,6.33,1222.87,A,1 year,MORTGAGE,59100,Verified,debt_consolidation,8.48,0,757,27.1,Fully Paid
11400,60 months,12.2,254.74,B,6 years,RENT,43600,Not Verified,credit_card,11.88,0,724,68.7,Fully Paid
27800,36 months,23.06,1077.0,E,< 1 year,RENT,13100,Verified,medical,18.39,0,672,39.4,Charged Off
40000,36 months,10.33,1296.89,B,9 years,MORTGAGE,91600,Verified,credit_card,16.82,0,730,73.7,Fully Paid
19800,36 months,11.37,651.7,B,10+ years,MORTGAGE,44600,Not Verified,credit_card,12.52,0,733,65.1,Fully Paid
9600,36 months,6.52,294.32,A,2 years,MORTGAGE,51800,Not Verified,medical,21.23,2,741,44.8,Fully Paid
11000,36 months,8.61,347.8,A,9 years,RENT,50500,Verified,debt_consolidation,18.36,2,744,65.5,Fully Paid
8500,60 months,16.01,206.75,D,4 years,RENT,31000,Verified,debt_consolidation,4.0,0,679,41.0,Fully Paid
5000,60 months,19.48,131.03,E,3 years,MORTGAGE,88600,Not Verified,home_improvement,13.43,0,677,58.4,Charged Off
7100,60 months,7.67,142.84,A,10+ years,MORTGAGE,141700,Not Verified,debt_consolidation,19.27,0,735,59.6,Fully Paid
8000,36 months,18.81,292.48,D,10+ years,MORTGAGE,136500,Verified,debt_consolidation,30.9,1,693,86.5,Charged Off
14000,36 months,22.12,535.54,F,10+ years,MORTGAGE,50700,Verified,debt_consolidation,15.89,1,651,64.8,Charged Off
18600,36 months,11.66,614.77,C,< 1 year,RENT,56200,Verified,debt_consolidation,18.23,0,697,45.7,Fully Paid
4500,36 months,5.87,136.63,A,10+ years,MORTGAGE,197800,Verified,debt_consolidation,35.33,0,732,26.0,Fully Paid
16500,36 months,5.98,501.81,A,,RENT,57400,Not Verified,debt_consolidation,27.3,1,755,43.6,Fully Paid
39900,36 months,7.2,1235.65,A,5 years,MORTGAGE,110700,Not Verified,credit_card,10.92,0,734,14.9,Fully Paid
26400,36 months,10.62,859.56,B,,OWN,104500,Source Verified,other,20.05,0,726,49.5,Fully Paid
13900,60 months,10.6,299.45,B,1 year,MORTGAGE,111600,Verified,car,24.27,1,710,63.0,Charged Off
14200,36 months,14.72,490.3,C,10+ years,RENT,57300,Verified,credit_card,20.42,0,704,29.1,Fully Paid
9500,36 months,13.6,322.84,C,4 years,OWN,42200,Not Verified,debt_consolidation,12.74,0,672,33.0,Fully Paid
16000,36 months,17.17,571.8,D,3 years,MORTGAGE,182200,Not Verified,debt_consolidation,6.5,0,689,76.3,Charged Off
22300,60 months,12.0,496.05,C,10+ years,MORTGAGE,105500,Not Verified,debt_consolidation,26.3,0,698,17.2,Fully Paid
9700,36 months,11.09,317.98,B,,OTHER,40800,Source Verified,credit_card,6.95,0,703,53.2,Fully Paid
22400,36 months,15.35,780.35,D,10+ years,RENT,142400,Source Verified,debt_consolidation,10.55,0,673,54.8,Fully Paid
4900,36 months,8.64,155.0,B,10+ years,RENT,98100,Source Verified,debt_consolidation,33.63,0,723,40.1,Fully Paid
12300,60 months,10.06,261.7,B,4 years,RENT,71300,Verified,debt_consolidation,6.97,0,708,70.1,Fully Paid
7800,60 months,16.43,191.47,C,10+ years,RENT,62800,Not Verified,debt_consolidation,5.49,0,692,28.4,Fully Paid
13100,36 months,8.04,410.75,A,3 years,RENT,58600,Not Verified,credit_card,13.63,1,732,21.7,Fully Paid
8300,36 months,10.56,270.01,B,1 year,MORTGAGE,59800,Not Verified,debt_consolidation,13.65,0,714,89.2,Fully Paid
9700,36 months,11.88,321.62,B,4 years,RENT,117800,Not Verified,debt_consolidation,23.3,0,694,48.2,Fully Paid
11000,36 months,8.82,348.88,B,1 year,RENT,130200,Not Verified,home_improvement,23.45,0,712,77.6,Fully Paid
11500,36 months,20.53,430.49,E,7 years,MORTGAGE,80400,Verified,debt_consolidation,24.15,2,657,20.1,Fully Paid
11400,36 months,12.91,383.62,C,10+ years,RENT,45900,Not Verified,debt_consolidation,21.9,0,689,83.9,Fully Paid
27000,36 months,18.34,980.73,D,10+ years,RENT,35100,Not Verified,debt_consolidation,11.52,0,685,66.5,Fully Paid
21500,60 months,23.31,609.93,F,10+ years,MORTGAGE,33700,Source Verified,debt_consolidation,19.82,0,645,10.8,Fully Paid
19900,36 months,13.29,673.29,C,,MORTGAGE,29500,Not Verified,home_improvement,14.38,0,707,93.4,Charged Off
3100,36 months,16.23,109.34,D,10+ years,RENT,54900,Source Verified,credit_card,22.57,1,687,42.7,Fully Paid
9000,36 months,12.85,302.6,C,5 years,MORTGAGE,44700,Not Verified,credit_card,13.92,0,716,30.0,Fully Paid
16100,60 months,16.76,398.05,D,7 years,OWN,32600,Not Verified,credit_card,13.49,0,676,60.2,Fully Paid
18100,36 months,10.75,590.43,B,9 years,OWN,54000,Not Verified,debt_consolidation,16.06,0,707,76.5,Fully Paid
8200,36 months,5.1,246.13,A,4 years,MORTGAGE,34200,Verified,debt_consolidation,30.16,0,743,31.6,Fully Paid
9000,36 months,13.75,306.51,C,10+ years,MORTGAGE,115500,Verified,home_improvement,16.23,0,685,75.2,Charged Off
5300,36 months,17.9,191.34,D,3 years,RENT,71800,Not Verified,credit_card,12.39,2,677,79.3,Fully Paid
5700,36 months,7.53,177.38,A,1 year,MORTGAGE,96700,Source Verified,debt_consolidation,8.57,0,754,92.4,Fully Paid
10200,36 months,7.41,316.86,A,3 years,RENT,59100,Not Verified,debt_consolidation,12.7,0,736,42.6,Fully Paid
10500,36 months,5.64,317.72,A,7 years,MORTGAGE,72300,Not Verified,debt_consolidation,11.97,0,736,54.0,Fully Paid
11900,36 months,5.07,357.03,A,2 years,MORTGAGE,72300,Not Verified,debt_consolidation,18.03,0,751,65.3,Fully Paid
26700,36 months,7.49,830.41,A,7 years,MORTGAGE,72300,Source Verified,debt_consolidation,16.94,0,766,30.8,Fully Paid
12700,36 months,8.27,399.56,A,4 years,OWN,43000,Verified,debt_consolidation,13.94,1,751,44.3,Fully Paid
19400,36 months,9.67,622.98,B,5 years,RENT,69700,Not Verified,debt_consolidation,22.87,1,705,73.9,Fully Paid
9900,60 months,6.68,194.54,A,8 years,RENT,139700,Source Verified,debt_consolidation,25.18,0,756,45.8,Fully Paid
30700,36 months,14.22,1052.54,C,< 1 year,RENT,43900,Source Verified,debt_consolidation,13.71,0,709,34.0,Fully Paid
9700,36 months,11.77,321.11,B,3 years,RENT,74400,Source Verified,debt_consolidation,16.21,0,729,55.0,Fully Paid
16100,36 months,6.66,494.62,A,3 years,RENT,53900,Verified,small_business,24.99,0,739,65.6,Fully Paid
19100,60 months,15.76,462.04,C,2 years,MORTGAGE,80000,Not Verified,debt_consolidation,5.46,1,687,36.0,Fully Paid
13500,36 months,15.61,472.02,D,3 years,OWN,173900,Verified,credit_card,2.94,0,692,17.6,Charged Off
10500,60 months,14.4,246.5,C,10+ years,MORTGAGE,59900,Source Verified,debt_consolidation,18.41,0,712,33.0,Fully Paid
11600,36 months,7.34,359.98,A,1 year,RENT,28300,Verified,credit_card,16.85,0,740,64.5,Charged Off
7900,60 months,10.51,169.84,B,7 years,MORTGAGE,75700,Source Verified,debt_consolidation,18.74,0,724,76.4,Fully Paid
6800,36 months,10.06,219.61,B,3 years,OWN,110900,Verified,car,11.38,0,723,81.6,Fully Paid
14500,36 months,8.47,457.53,B,5 years,MORTGAGE,83800,Verified,debt_consolidation,4.19,0,728,45.8,Fully Paid
13400,36 months,5.38,403.9,A,10+ years,RENT,116500,Verified,debt_consolidation,13.19,0,750,70.7,Fully Paid
15800,60 months,14.5,371.75,D,3 years,MORTGAGE,108400,Not Verified,debt_consolidation,16.58,1,704,62.3,Fully Paid
15000,36 months,9.5,480.49,B,6 years,MORTGAGE,146000,Not Verified,debt_consolidation,18.34,0,722,53.4,Fully Paid
11400,36 months,12.83,383.18,C,2 years,OWN,58600,Verified,debt_consolidation,21.1,1,714,46.4,Fully Paid
20800,36 months,17.23,743.96,E,1 year,MORTGAGE,318500,Source Verified,home_improvement,20.79,0,675,66.0,Charged Off
5900,60 months,8.39,120.73,A,3 years,MORTGAGE,74500,Verified,credit_card,13.06,0,730,24.7,Fully Paid
9800,60 months,11.67,216.36,B,10+ years,RENT,30500,Not Verified,credit_card,10.0,2,718,19.7,Fully Paid
15300,36 months,9.45,489.75,B,6 years,RENT,158200,Source Verified,small_business,8.1,0,743,29.3,Fully Paid
36700,36 months,14.42,1261.82,C,10+ years,MORTGAGE,67400,Source Verified,debt_consolidation,30.08,0,725,36.0,Fully Paid
22800,36 months,13.78,776.82,C,6 years,MORTGAGE,35800,Verified,home_improvement,16.67,0,698,47.9,Fully Paid
27100,36 months,10.9,885.94,B,10+ years,MORTGAGE,32900,Verified,credit_card,6.0,0,733,82.6,Fully Paid
18200,36 months,6.61,558.72,A,4 years,RENT,68200,Source Verified,major_purchase,16.84,0,759,44.6,Fully Paid
12300,60 months,8.61,253.01,B,6 years,OWN,45400,Not Verified,small_business,40.77,0,714,86.6,Charged Off
6500,36 months,8.19,204.26,A,10+ years,RENT,51800,Source Verified,other,9.89,0,745,21.2,Fully Paid
12400,36 months,18.59,451.97,D,10+ years,RENT,86000,Verified,home_improvement,5.31,0,681,75.0,Fully Paid
9000,60 months,10.4,193.0,B,< 1 year,RENT,96100,Verified,credit_card,44.7,0,717,51.3,Fully Paid
8700,36 months,18.92,318.56,D,10+ years,MORTGAGE,82100,Verified,small_business,15.03,0,687,58.2,Fully Paid
4300,60 months,14.93,102.14,D,8 years,RENT,63900,Not Verified,debt_consolidation,20.09,1,677,55.2,Fully Paid
8900,60 months,11.2,194.4,B,2 years,RENT,82300,Not Verified,debt_consolidation,25.61,2,720,38.5,Fully Paid
6800,60 months,11.18,148.46,B,1 year,RENT,183100,Source Verified,credit_card,9.68,0,728,14.4,Fully Paid
8500,36 months,27.96,351.41,G,10+ years,MORTGAGE,186100,Not Verified,credit_card,15.74,0,654,24.8,Fully Paid
4500,60 months,21.16,122.15,E,10+ years,RENT,36700,Verified,credit_card,9.71,0,646,,Fully Paid
7000,60 months,9.71,147.73,B,9 years,RENT,139500,Verified,debt_consolidation,6.97,0,703,40.4,Fully Paid
7000,36 months,15.69,245.03,D,10+ years,RENT,55600,Verified,debt_consolidation,11.95,0,694,41.8,Fully Paid
25600,60 months,9.42,536.65,B,10+ years,MORTGAGE,38000,Not Verified,home_improvement,28.64,0,707,63.1,Fully Paid
17600,60 months,11.52,387.25,C,10+ years,RENT,32500,Not Verified,debt_consolidation,20.14,0,690,4.6,Fully Paid
14400,60 months,11.9,319.59,C,10+ years,RENT,73900,Not Verified,debt_consolidation,31.72,0,721,68.5,Fully Paid
11100,60 months,10.98,241.23,B,7 years,RENT,65200,Source Verified,debt_consolidation,7.81,1,745,26.6,Fully Paid
17000,36 months,14.24,583.0,C,7 years,RENT,45700,Not Verified,debt_consolidation,11.78,0,695,76.7,Fully Paid
8300,60 months,10.51,178.44,B,3 years,RENT,51900,Source Verified,debt_consolidation,5.44,0,714,82.0,Fully Paid
39300,36 months,10.71,1281.24,B,6 years,MORTGAGE,205100,Not Verified,debt_consolidation,9.89,1,728,53.7,Fully Paid
35100,36 months,9.38,1122.39,B,2 years,MORTGAGE,57700,Source Verified,debt_consolidation,13.71,0,703,60.5,Fully Paid
9500,36 months,7.59,295.9,B,8 years,MORTGAGE,105500,Source Verified,debt_consolidation,13.84,0,719,34.6,Fully Paid
9300,36 months,14.29,319.16,C,5 years,MORTGAGE,26100,Source Verified,credit_card,16.49,1,723,61.1,Fully Paid
22700,36 months,15.49,792.36,C,10+ years,MORTGAGE,12900,Source Verified,debt_consolidation,6.51,0,725,31.3,Fully Paid
7100,36 months,12.15,236.33,B,4 years,MORTGAGE,60800,Source Verified,major_purchase,10.1,0,727,76.0,Fully Paid
12100,36 months,14.73,417.85,C,3 years,MORTGAGE,39500,Not Verified,debt_consolidation,28.79,0,703,35.1,Charged Off
18900,60 months,10.7,408.11,B,4 years,MORTGAGE,56800,Verified,credit_card,10.85,1,727,70.8,Fully Paid
3100,36 months,11.58,102.34,B,10+ years,RENT,74500,Not Verified,debt_consolidation,19.33,0,697,73.5,Fully Paid
23100,60 months,7.55,463.43,A,1 year,OWN,37700,Source Verified,debt_consolidation,27.18,0,767,30.7,Fully Paid
9900,36 months,10.13,320.05,B,9 years,RENT,40100,Verified,debt_consolidation,15.55,1,704,86.3,Charged Off
17900,36 months,13.5,607.44,C,,MORTGAGE,182600,Verified,small_business,10.84,0,701,72.0,Charged Off
40000,60 months,9.61,842.23,B,4 years,MORTGAGE,40000,Source Verified,home_improvement,8.45,2,704,62.3,Fully Paid
9200,36 months,16.13,324.04,D,2 years,OWN,69600,Source Verified,debt_consolidation,17.76,1,682,81.7,Charged Off
15600,60 months,19.74,411.05,D,3 years,OWN,45700,Source Verified,credit_card,8.98,1,704,40.6,Fully Paid
11200,36 months,9.86,360.66,B,9 years,MORTGAGE,113300,Not Verified,small_business,25.09,1,706,63.5,Fully Paid
22900,36 months,14.39,787.01,C,8 years,MORTGAGE,58300,Source Verified,small_business,11.16,0,699,37.3,Fully Paid
11700,36 months,29.74,495.02,G,5 years,MORTGAGE,60200,Not Verified,debt_consolidation,6.91,0,645,64.9,Charged Off
22700,60 months,16.4,556.86,D,7 years,MORTGAGE,51600,Not Verified,debt_consolidation,27.38,0,665,13.1,Charged Off
14300,36 months,13.5,485.27,C,9 years,MORTGAGE,57800,Verified,debt_consolidation,19.5,1,724,43.8,Fully Paid
7600,36 months,16.09,267.53,C,1 year,RENT,71600,Not Verified,debt_consolidation,16.97,0,689,50.6,Charged Off
30700,36 months,9.95,989.88,B,7 years,MORTGAGE,27200,Source Verified,credit_card,32.08,0,711,25.4,Fully Paid
6000,36 months,10.55,195.16,B,8 years,MORTGAGE,72600,Source Verified,small_business,23.44,0,701,19.2,Fully Paid
5900,36 months,13.45,200.08,C,10+ years,RENT,58900,Not Verified,debt_consolidation,18.71,0,695,17.6,Fully Paid
12000,36 months,10.99,392.81,B,< 1 year,RENT,42500,Not Verified,debt_consolidation,17.09,1,715,67.5,Fully Paid
11500,36 months,10.92,376.06,B,5 years,MORTGAGE,54200,Verified,debt_consolidation,10.57,0,707,44.3,Fully Paid
13800,36 months,13.99,471.58,C,8 years,OWN,32400,Source Verified,debt_consolidation,30.97,0,704,57.9,Fully Paid
24600,60 months,18.76,634.89,E,2 years,RENT,44100,Source Verified,medical,3.68,1,679,13.9,Fully Paid
5600,60 months,9.63,117.97,B,8 years,MORTGAGE,91500,Verified,debt_consolidation,19.71,1,703,57.4,Fully Paid
4000,36 months,19.5,147.64,D,5 years,MORTGAGE,59000,Not Verified,debt_consolidation,23.07,2,676,53.1,Fully Paid
14900,36 months,7.41,462.87,A,7 years,RENT,89500,Not Verified,credit_card,6.63,1,741,43.9,Fully Paid
19400,36 months,17.77,699.12,D,10+ years,MORTGAGE,56800,Not Verified,credit_card,20.47,0,694,41.6,Fully Paid
26000,60 months,10.15,554.34,B,4 years,MORTGAGE,55200,Not Verified,debt_consolidation,21.3,0,712,41.4,Fully Paid
9200,60 months,9.18,191.78,B,10+ years,RENT,88400,Verified,car,11.24,0,729,37.4,Charged Off
6800,36 months,10.59,221.31,B,10+ years,MORTGAGE,27600,Not Verified,credit_card,35.97,0,735,26.7,Fully Paid
12000,36 months,9.64,385.18,B,10+ years,RENT,39900,Not Verified,credit_card,36.47,0,708,44.4,Fully Paid
37000,60 months,30.0,1197.08,G,8 years,MORTGAGE,107300,Not Verified,credit_card,17.0,0,655,53.1,Fully Paid
28300,60 months,9.9,599.9,B,6 years,MORTGAGE,42900,Verified,debt_consolidation,16.08,0,719,75.5,Fully Paid
8900,36 months,13.2,300.73,C,,OWN,57500,Not Verified,credit_card,30.43,0,705,38.9,Fully Paid
13000,36 months,7.26,402.95,B,10+ years,RENT,122100,Source Verified,home_improvement,11.19,0,697,43.3,Fully Paid
16300,36 months,15.36,567.92,D,10+ years,MORTGAGE,37300,Not Verified,medical,11.31,0,676,54.1,Fully Paid
10400,36 months,11.18,341.37,B,8 years,MORTGAGE,103600,Source Verified,debt_consolidation,26.04,0,706,42.1,Fully Paid
7500,36 months,11.18,246.18,B,7 years,MORTGAGE,38000,Not Verified,home_improvement,12.27,1,742,55.7,Fully Paid
24700,60 months,21.51,675.32,E,10+ years,OWN,60700,Verified,credit_card,23.2,0,692,22.4,Fully Paid
10900,36 months,7.13,337.21,A,2 years,MORTGAGE,109400,Source Verified,credit_card,32.95,0,738,79.9,Fully Paid
17100,36 months,9.73,549.6,B,2 years,MORTGAGE,91600,Not Verified,debt_consolidation,16.58,0,719,46.4,Fully Paid
6200,60 months,6.63,121.69,A,10+ years,MORTGAGE,34800,Not Verified,debt_consolidation,7.62,0,724,24.7,Fully Paid
10300,36 months,18.72,376.1,E,7 years,RENT,107100,Verified,major_purchase,35.93,1,694,7.1,Fully Paid
6700,60 months,15.53,161.26,D,10+ years,MORTGAGE,104300,Source Verified,major_purchase,18.03,0,675,21.7,Charged Off
7400,60 months,7.12,146.95,A,10+ years,RENT,75700,Not Verified,credit_card,28.87,0,728,37.6,Charged Off
8900,36 months,15.67,311.45,D,3 years,RENT,173800,Not Verified,credit_card,16.66,2,681,26.5,Fully Paid
9900,36 months,11.48,326.37,C,8 years,MORTGAGE,20800,Not Verified,debt_consolidation,28.41,0,701,46.5,Fully Paid
30300,36 months,10.33,982.4,B,10+ years,MORTGAGE,55900,Verified,debt_consolidation,13.15,0,718,68.2,Fully Paid
16300,36 months,20.88,613.1,E,5 years,MORTGAGE,75700,Source Verified,debt_consolidation,37.48,0,641,56.4,Fully Paid
9100,60 months,18.97,235.91,E,5 years,MORTGAGE,107900,Verified,credit_card,18.13,1,679,,Fully Paid
6700,36 months,11.01,219.38,B,10+ years,MORTGAGE,220800,Not Verified,debt_consolidation,16.59,1,716,45.4,Charged Off
18900,36 months,21.74,719.26,E,3 years,MORTGAGE,173300,Not Verified,car,15.63,0,669,34.3,Fully Paid
14400,36 months,14.4,494.96,C,1 year,MORTGAGE,76700,Source Verified,small_business,14.18,0,683,31.5,Fully Paid
13900,36 months,10.31,450.54,B,10+ years,MORTGAGE,49800,Not Verified,debt_consolidation,14.83,1,721,19.2,Fully Paid
5800,60 months,6.62,113.81,A,3 years,MORTGAGE,65500,Source Verified,debt_consolidation,15.74,0,739,63.9,Fully Paid
5200,60 months,13.52,119.7,C,10+ years,OWN,98100,Source Verified,small_business,18.06,0,699,43.1,Fully Paid
12600,60 months,12.24,281.81,C,9 years,MORTGAGE,47300,Source Verified,medical,16.87,1,705,11.2,Fully Paid
19100,36 months,9.53,612.1,B,2 years,OWN,90000,Verified,other,25.98,0,709,39.3,Fully Paid
8900,60 months,6.51,174.18,A,7 years,RENT,71900,Verified,debt_consolidation,17.05,1,720,59.2,Fully Paid
21300,60 months,23.93,611.89,F,8 years,RENT,44300,Verified,debt_consolidation,6.93,0,663,61.2,Fully Paid
14300,60 months,7.35,285.52,A,1 year,OWN,75500,Verified,credit_card,20.14,0,750,37.6,Fully Paid
3900,36 months,24.85,154.75,F,10+ years,RENT,41900,Verified,debt_consolidation,17.7,0,666,50.3,Charged Off
9600,36 months,5.27,288.89,A,4 years,RENT,38000,Source Verified,debt_consolidation,7.66,0,729,57.3,Fully Paid
9200,36 months,13.28,311.23,C,5 years,MORTGAGE,67700,Not Verified,debt_consolidation,6.73,1,715,20.0,Fully Paid
14000,36 months,7.67,436.58,A,10+ years,MORTGAGE,53400,Source Verified,debt_consolidation,31.58,0,714,47.2,Fully Paid
8500,36 months,6.05,258.78,A,4 years,MORTGAGE,141200,Source Verified,debt_consolidation,8.49,0,738,28.2,Fully Paid
16100,36 months,14.25,552.22,C,9 years,MORTGAGE,129500,Not Verified,debt_consolidation,25.77,0,692,48.0,Fully Paid
24200,36 months,14.69,835.23,C,< 1 year,MORTGAGE,69000,Source Verified,home_improvement,22.54,0,714,66.3,Fully Paid
4500,36 months,11.98,149.42,C,10+ years,RENT,99100,Source Verified,debt_consolidation,7.39,1,703,58.8,Fully Paid
26500,60 months,7.58,532.01,A,3 years,RENT,39600,Not Verified,credit_card,22.63,0,755,79.1,Fully Paid
9200,36 months,11.4,302.94,B,10+ years,MORTGAGE,51200,Verified,debt_consolidation,25.71,0,715,20.7,Charged Off
20300,36 months,5.48,612.79,A,8 years,OWN,105200,Source Verified,debt_consolidation,36.56,0,758,29.6,Fully Paid
9600,60 months,9.94,203.69,B,5 years,RENT,139800,Not Verified,debt_consolidation,13.14,0,708,34.9,Fully Paid
13000,36 months,15.55,454.16,C,3 years,RENT,139200,Not Verified,debt_consolidation,24.0,0,676,46.9,Fully Paid
8900,36 months,11.93,295.31,C,10+ years,MORTGAGE,36900,Verified,debt_consolidation,18.96,2,697,48.3,Fully Paid
6100,60 months,16.82,151.01,D,10+ years,MORTGAGE,55200,Not Verified,debt_consolidation,21.23,2,693,19.7,Fully Paid
13000,36 months,13.79,442.98,C,10+ years,RENT,32700,Verified,home_improvement,28.63,1,679,14.3,Fully Paid
27500,36 months,13.74,936.42,C,< 1 year,RENT,107500,Source Verified,debt_consolidation,18.13,0,684,26.1,Fully Paid
8800,36 months,9.62,282.38,B,2 years,MORTGAGE,83900,Not Verified,debt_consolidation,23.09,0,721,38.6,Fully Paid
9600,60 months,14.35,225.12,C,5 years,RENT,163300,Source Verified,debt_consolidation,16.29,1,688,59.2,Fully Paid
10800,36 months,13.85,368.33,C,2 years,RENT,209800,Source Verified,car,17.5,0,706,73.3,Fully Paid
15900,36 months,6.48,487.17,A,2 years,MORTGAGE,58500,Verified,major_purchase,43.63,0,733,73.8,Fully Paid
12500,36 months,10.16,404.28,B,10+ years,RENT,18600,Source Verified,debt_consolidation,11.54,0,706,45.9,Fully Paid
10400,36 months,7.14,321.79,A,10+ years,RENT,93000,Source Verified,debt_consolidation,32.11,0,728,57.8,Fully Paid
11200,36 months,11.54,369.54,C,4 years,MORTGAGE,43800,Source Verified,medical,12.51,1,691,18.0,Fully Paid
16000,60 months,19.38,418.4,E,10+ years,RENT,168500,Source Verified,car,26.09,0,679,35.0,Fully Paid
13200,60 months,7.68,265.63,A,< 1 year,MORTGAGE,49900,Source Verified,credit_card,16.8,0,757,43.6,Fully Paid
14000,60 months,10.62,301.75,B,4 years,RENT,72000,Not Verified,credit_card,12.99,0,730,79.6,Fully Paid
24200,60 months,26.07,725.56,F,6 years,MORTGAGE,50300,Not Verified,credit_card,7.64,1,652,21.3,Fully Paid
14000,60 months,10.85,303.35,B,7 years,RENT,54400,Not Verified,debt_consolidation,8.63,0,703,70.1,Fully Paid
28700,60 months,6.86,566.4,A,10+ years,MORTGAGE,69100,Source Verified,credit_card,14.73,0,749,60.1,Fully Paid
4700,36 months,14.48,161.73,C,< 1 year,RENT,54400,Not Verified,debt_consolidation,28.39,0,673,54.5,Fully Paid
39000,36 months,14.61,1344.51,D,10+ years,OWN,128700,Not Verified,debt_consolidation,16.62,0,676,31.2,Fully Paid
15800,36 months,13.46,535.87,D,10+ years,RENT,58300,Source Verified,debt_consolidation,10.22,1,685,14.5,Fully Paid
6500,36 months,11.47,214.25,B,10+ years,RENT,119600,Verified,debt_consolidation,6.26,0,706,67.2,Fully Paid
7300,36 months,6.36,223.27,A,5 years,RENT,37200,Verified,debt_consolidation,21.0,1,746,88.8,Charged Off
7800,36 months,9.31,249.16,B,< 1 year,MORTGAGE,77500,Source Verified,car,12.17,1,732,59.8,Fully Paid
11900,36 months,9.72,382.42,B,8 years,RENT,105500,Source Verified,debt_consolidation,18.65,0,706,62.8,Fully Paid
4200,36 months,18.75,153.42,E,3 years,MORTGAGE,83800,Source Verified,debt_consolidation,19.73,0,662,65.1,Fully Paid
5100,60 months,11.18,111.34,B,1 year,OWN,72900,Source Verified,home_improvement,22.78,0,735,73.4,Fully Paid
25200,36 months,10.49,818.94,B,10+ years,RENT,110400,Verified,home_improvement,14.53,0,689,58.1,Fully Paid
5000,60 months,8.19,101.84,B,1 year,MORTGAGE,73200,Verified,credit_card,39.93,1,699,44.7,Fully Paid
9400,36 months,16.53,332.94,D,4 years,MORTGAGE,97000,Source Verified,credit_card,10.45,2,675,34.5,Fully Paid
21600,36 months,9.58,692.72,B,7 years,MORTGAGE,41500,Not Verified,debt_consolidation,11.16,1,686,89.8,Fully Paid
12800,36 months,9.59,410.56,B,2 years,OWN,50600,Not Verified,debt_consolidation,13.47,0,705,33.3,Fully Paid
12300,36 months,12.67,412.48,C,3 years,OWN,109900,Not Verified,credit_card,7.73,0,698,85.9,Fully Paid
6900,36 months,12.62,231.23,D,1 year,RENT,40800,Source Verified,debt_consolidation,15.01,0,704,30.4,Fully Paid
10300,36 months,17.32,368.87,D,2 years,MORTGAGE,48500,Not Verified,credit_card,9.89,0,699,21.6,Fully Paid
25500,36 months,6.8,785.04,A,4 years,MORTGAGE,65600,Source Verified,major_purchase,9.8,1,751,78.5,Fully Paid
10900,36 months,13.18,368.21,C,< 1 year,MORTGAGE,66700,Verified,debt_consolidation,16.16,0,699,44.0,Fully Paid
15100,36 months,10.95,494.0,B,10+ years,RENT,110800,Not Verified,major_purchase,17.14,0,707,53.3,Fully Paid
20700,60 months,12.82,469.08,C,10+ years,RENT,40400,Source Verified,credit_card,26.54,1,690,29.4,Charged Off
11000,36 months,15.38,383.37,D,,MORTGAGE,122800,Not Verified,debt_consolidation,12.17,0,706,76.1,Charged Off
6500,36 months,10.35,210.81,B,10+ years,RENT,69000,Verified,debt_consolidation,40.2,0,714,16.7,Fully Paid
15600,36 months,11.62,515.32,C,10+ years,OWN,108100,Verified,credit_card,29.58,1,694,61.4,Fully Paid
4700,36 months,22.1,179.74,E,8 years,MORTGAGE,27700,Not Verified,debt_consolidation,8.83,0,664,,Fully Paid
6400,36 months,18.28,232.28,E,3 years,RENT,36500,Verified,home_improvement,11.51,0,672,76.3,Fully Paid
12900,36 months,12.88,433.91,C,2 years,RENT,58300,Verified,home_improvement,13.7,2,683,35.2,Fully Paid
10200,60 months,11.62,224.94,C,10+ years,RENT,49600,Not Verified,debt_consolidation,23.56,0,686,68.5,Fully Paid
9200,36 months,11.71,304.3,C,10+ years,RENT,90500,Not Verified,debt_consolidation,11.31,0,699,81.2,Fully Paid
11000,36 months,16.98,392.07,D,10+ years,MORTGAGE,74700,Not Verified,other,9.76,0,695,,Charged Off
25100,60 months,14.86,595.28,D,3 years,MORTGAGE,85200,Verified,credit_card,26.35,0,670,,Charged Off
5200,36 months,10.86,169.9,B,7 years,RENT,68200,Verified,medical,29.13,1,705,55.3,Fully Paid
26100,36 months,12.15,868.76,B,4 years,MORTGAGE,55300,Verified,major_purchase,27.31,0,707,80.3,Charged Off
20600,36 months,6.62,632.5,A,7 years,MORTGAGE,39600,Source Verified,debt_consolidation,13.94,0,743,13.1,Fully Paid
6000,36 months,13.6,203.9,C,3 years,RENT,58000,Source Verified,credit_card,10.03,0,718,44.3,Fully Paid
10000,36 months,13.51,339.4,C,10+ years,MORTGAGE,83100,Verified,credit_card,36.47,0,702,63.6,Fully Paid
25900,36 months,14.76,894.79,C,2 years,OWN,69400,Verified,debt_consolidation,24.6,1,691,43.2,Charged Off
17500,60 months,12.68,395.32,C,10+ years,RENT,100500,Source Verified,debt_consolidation,20.66,0,706,51.6,Charged Off
11900,60 months,21.59,325.9,E,10+ years,RENT,85500,Not Verified,debt_consolidation,16.25,0,652,39.5,Fully Paid
10400,36 months,5.04,311.88,A,5 years,RENT,30900,Verified,debt_consolidation,18.62,0,759,35.2,Fully Paid
11200,36 months,14.17,383.71,C,,RENT,44600,Source Verified,debt_consolidation,18.86,1,701,15.4,Fully Paid
10100,36 months,12.42,337.49,C,,MORTGAGE,72500,Verified,debt_consolidation,7.32,0,700,76.5,Fully Paid
13200,36 months,8.28,415.35,B,3 years,MORTGAGE,26500,Source Verified,medical,11.37,1,733,86.3,Fully Paid
7100,36 months,14.45,244.22,D,,MORTGAGE,39800,Not Verified,debt_consolidation,27.45,0,697,84.4,Charged Off
9800,36 months,14.68,338.19,D,2 years,MORTGAGE,47000,Not Verified,debt_consolidation,14.57,0,695,56.6,Fully Paid
10700,36 months,9.0,340.26,B,10+ years,RENT,133900,Verified,car,26.0,1,699,20.6,Charged Off
20200,36 months,6.05,614.98,A,1 year,RENT,33300,Not Verified,debt_consolidation,16.92,1,760,47.9,Fully Paid
13200,36 months,8.85,418.84,B,4 years,OWN,66700,Not Verified,credit_card,27.26,0,726,48.9,Fully Paid
12900,36 months,10.36,418.43,B,2 years,RENT,50500,Source Verified,debt_consolidation,21.86,0,709,51.5,Charged Off
18500,36 months,11.49,609.97,B,5 years,MORTGAGE,105700,Source Verified,other,16.11,1,736,70.6,Fully Paid
19100,36 months,9.03,607.64,B,10+ years,RENT,61900,Verified,credit_card,22.96,0,710,23.6,Fully Paid
5700,60 months,6.3,110.99,A,10+ years,RENT,38900,Not Verified,home_improvement,34.79,0,760,21.6,Fully Paid
17600,60 months,6.54,344.69,A,4 years,MORTGAGE,47300,Not Verified,credit_card,34.9,1,741,75.9,Fully Paid
14300,36 months,18.86,523.17,D,< 1 year,RENT,102600,Not Verified,debt_consolidation,12.96,0,685,51.4,Fully Paid
14300,36 months,15.72,500.77,D,2 years,RENT,81300,Not Verified,car,24.11,0,658,51.0,Charged Off
26100,60 months,24.68,761.18,G,5 years,MORTGAGE,69700,Source Verified,debt_consolidation,11.03,1,658,21.2,Fully Paid
15100,36 months,14.97,523.22,C,10+ years,MORTGAGE,84100,Source Verified,small_business,14.01,1,709,61.4,Fully Paid
3600,36 months,17.98,130.11,D,3 years,MORTGAGE,40000,Not Verified,debt_consolidation,14.09,0,675,77.0,Fully Paid
13600,60 months,13.11,310.21,C,5 years,MORTGAGE,48700,Verified,credit_card,10.0,0,704,48.1,Fully Paid
14100,60 months,6.42,275.35,A,1 year,MORTGAGE,96900,Source Verified,credit_card,16.54,1,755,48.8,Charged Off
29100,36 months,17.24,1040.97,D,10+ years,MORTGAGE,82800,Not Verified,other,10.87,0,715,26.8,Fully Paid
4800,36 months,20.11,178.65,E,1 year,MORTGAGE,64800,Not Verified,debt_consolidation,9.99,0,672,61.6,Charged Off
10600,36 months,12.77,355.98,C,1 year,MORTGAGE,80400,Source Verified,home_improvement,12.25,1,693,61.4,Fully Paid
16800,36 months,15.41,585.76,D,5 years,MORTGAGE,73300,Verified,debt_consolidation,22.91,2,702,20.3,Fully Paid
10800,60 months,18.82,279.09,E,3 years,MORTGAGE,61400,Not Verified,credit_card,12.76,0,664,44.9,Fully Paid
11200,36 months,5.09,336.13,A,,OWN,160000,Verified,debt_consolidation,14.29,0,742,78.4,Fully Paid
8500,60 months,13.43,195.28,C,10+ years,MORTGAGE,122700,Source Verified,credit_card,23.12,0,698,47.9,Fully Paid
5400,36 months,9.37,172.65,B,10+ years,MORTGAGE,71600,Verified,debt_consolidation,23.0,0,737,50.2,Fully Paid
12000,36 months,17.29,429.57,E,10+ years,OWN,50300,Verified,debt_consolidation,25.5,1,672,33.4,Charged Off
15500,60 months,12.44,348.25,B,4 years,MORTGAGE,21100,Source Verified,medical,26.19,0,696,58.9,Fully Paid
19900,60 months,6.02,384.91,A,4 years,RENT,90300,Verified,credit_card,19.19,1,733,46.1,Fully Paid
5300,36 months,9.08,168.74,B,1 year,MORTGAGE,76800,Source Verified,home_improvement,12.85,1,718,30.2,Fully Paid
17200,36 months,7.58,535.66,A,10+ years,RENT,33900,Source Verified,credit_card,17.62,0,749,43.4,Fully Paid
6000,60 months,19.63,157.73,E,,MORTGAGE,48500,Not Verified,debt_consolidation,5.86,1,654,36.2,Charged Off
25200,36 months,8.39,794.22,B,< 1 year,OTHER,124800,Not Verified,debt_consolidation,29.06,2,707,32.4,Fully Paid
31500,60 months,8.37,644.3,A,10+ years,OWN,54700,Verified,home_improvement,10.35,0,748,50.0,Fully Paid
16700,60 months,6.29,325.11,A,2 years,RENT,105800,Not Verified,credit_card,16.93,0,736,38.3,Fully Paid
22900,36 months,6.25,699.26,A,10+ years,RENT,124200,Source Verified,small_business,23.69,0,728,55.3,Fully Paid
17600,60 months,9.64,370.84,B,6 years,MORTGAGE,36300,Verified,home_improvement,14.32,0,699,36.9,Charged Off
24300,60 months,13.38,557.64,C,10+ years,MORTGAGE,67200,Source Verified,debt_consolidation,13.72,0,689,51.2,Fully Paid
9700,36 months,7.1,299.95,A,< 1 year,MORTGAGE,118200,Verified,debt_consolidation,16.91,0,745,34.6,Fully Paid
4800,36 months,19.31,176.7,D,6 years,MORTGAGE,35400,Not Verified,credit_card,33.8,0,696,46.1,Fully Paid
10700,36 months,10.99,350.25,B,10+ years,RENT,24900,Source Verified,credit_card,13.99,0,728,37.9,Fully Paid
16700,36 months,19.16,613.51,E,10+ years,MORTGAGE,99300,Source Verified,debt_consolidation,8.22,2,681,36.1,Fully Paid
9600,60 months,10.45,206.1,B,10+ years,RENT,145300,Source Verified,debt_consolidation,22.74,0,719,74.1,Fully Paid
7600,60 months,11.27,166.27,B,10+ years,RENT,41000,Verified,debt_consolidation,19.88,0,726,66.1,Fully Paid
10900,36 months,14.97,377.69,D,2 years,RENT,91400,Source Verified,debt_consolidation,9.37,0,681,79.8,Charged Off
6800,60 months,10.25,145.32,B,10+ years,MORTGAGE,25600,Not Verified,credit_card,14.09,0,701,35.5,Fully Paid
28400,36 months,9.32,907.35,B,10+ years,RENT,65900,Verified,debt_consolidation,17.46,0,702,92.7,Fully Paid
12400,36 months,10.85,405.08,B,< 1 year,MORTGAGE,37500,Source Verified,car,7.72,0,698,60.3,Fully Paid
14100,36 months,18.29,511.8,E,3 years,MORTGAGE,73500,Verified,debt_consolidation,17.69,0,664,21.4,Fully Paid
11200,36 months,17.85,404.06,D,9 years,MORTGAGE,108800,Verified,debt_consolidation,18.34,0,686,69.3,Fully Paid
5900,36 months,13.82,201.13,C,10+ years,MORTGAGE,64500,Verified,debt_consolidation,14.83,0,681,68.5,Charged Off
4600,36 months,14.16,157.57,D,4 years,OWN,39900,Not Verified,credit_card,17.11,0,673,56.3,Charged Off
11800,36 months,13.14,398.38,D,5 years,MORTGAGE,119300,Not Verified,small_business,29.45,0,672,65.5,Fully Paid
5100,36 months,11.41,167.96,B,8 years,MORTGAGE,53000,Source Verified,debt_consolidation,19.28,0,714,73.0,Charged Off
6000,36 months,17.18,214.45,D,1 year,MORTGAGE,31800,Not Verified,other,13.07,0,685,66.9,Fully Paid
23700,36 months,10.09,765.73,B,10+ years,RENT,106600,Not Verified,debt_consolidation,20.31,0,722,51.0,Fully Paid
19500,36 months,10.18,630.86,B,3 years,OWN,63300,Source Verified,debt_consolidation,20.31,1,723,31.3,Charged Off
4400,36 months,16.34,155.43,C,10+ years,MORTGAGE,67700,Not Verified,credit_card,22.27,0,696,62.9,Charged Off
17600,36 months,21.53,667.88,E,1 year,RENT,82300,Verified,credit_card,13.42,1,664,37.7,Charged Off
7000,36 months,14.2,239.92,C,10+ years,OWN,69000,Source Verified,debt_consolidation,10.16,0,677,53.0,Fully Paid
13600,36 months,22.36,521.93,F,10+ years,MORTGAGE,112000,Verified,major_purchase,26.55,0,663,28.8,Charged Off
7400,36 months,16.19,260.86,D,3 years,RENT,72200,Source Verified,debt_consolidation,23.19,1,694,38.5,Fully Paid
12800,60 months,11.5,281.51,B,10+ years,MORTGAGE,85300,Verified,other,19.12,0,738,26.6,Fully Paid
5400,36 months,6.89,166.46,A,10+ years,OWN,88100,Verified,debt_consolidation,7.53,1,746,57.9,Fully Paid
9600,36 months,14.16,328.85,C,4 years,RENT,50300,Verified,medical,14.19,0,697,33.6,Fully Paid
18100,36 months,11.87,600.06,B,6 years,OWN,30800,Not Verified,car,39.57,1,736,61.6,Charged Off
10500,60 months,9.82,222.17,B,10+ years,MORTGAGE,38700,Source Verified,debt_consolidation,9.38,0,733,10.9,Fully Paid
7600,36 months,10.21,245.98,B,4 years,RENT,41200,Source Verified,debt_consolidation,22.6,0,703,65.8,Charged Off
24200,60 months,12.58,545.44,C,9 years,RENT,32300,Verified,debt_consolidation,16.42,1,706,64.7,Fully Paid
28100,36 months,13.21,949.64,D,8 years,RENT,35500,Source Verified,car,28.01,1,690,33.2,Fully Paid
20300,36 months,11.71,671.44,B,< 1 year,OWN,48600,Source Verified,credit_card,9.63,0,700,38.1,Fully Paid
11900,60 months,11.52,261.83,B,1 year,RENT,155200,Not Verified,small_business,23.39,0,710,12.8,Fully Paid
23900,36 months,10.54,777.26,B,4 years,MORTGAGE,68800,Verified,debt_consolidation,4.66,1,711,70.3,Fully Paid
14200,60 months,12.47,319.25,B,8 years,MORTGAGE,64500,Not Verified,debt_consolidation,25.06,0,718,24.3,Fully Paid
6800,60 months,17.15,169.55,D,10+ years,RENT,150600,Verified,car,19.31,0,690,61.5,Charged Off
15500,36 months,7.52,482.29,A,10+ years,MORTGAGE,35800,Source Verified,debt_consolidation,33.7,0,736,74.0,Fully Paid
25800,36 months,11.39,849.43,C,10+ years,RENT,160700,Verified,debt_consolidation,25.98,0,688,70.4,Fully Paid
18200,36 months,8.74,576.56,B,10+ years,RENT,44100,Verified,debt_consolidation,7.78,0,738,53.4,Fully Paid
18900,36 months,10.5,614.3,B,4 years,RENT,96500,Source Verified,debt_consolidation,7.69,0,698,80.0,Fully Paid
15000,36 months,8.29,472.05,B,7 years,RENT,30200,Not Verified,debt_consolidation,6.35,0,715,23.3,Fully Paid
9300,36 months,15.2,323.3,D,2 years,RENT,45900,Not Verified,debt_consolidation,10.61,0,687,24.2,Fully Paid
14200,36 months,5.41,428.21,A,1 year,RENT,67100,Verified,small_business,28.79,1,751,29.2,Fully Paid
40000,36 months,6.77,1230.88,A,10+ years,RENT,58500,Verified,other,25.72,1,735,82.2,Fully Paid
17400,36 months,14.03,594.94,C,1 year,MORTGAGE,58200,Source Verified,debt_consolidation,9.34,0,707,83.6,Fully Paid
9700,36 months,13.25,328.0,C,7 years,RENT,28800,Verified,credit_card,38.21,0,695,50.6,Fully Paid
17500,36 months,13.51,593.95,C,6 years,RENT,30000,Not Verified,credit_card,21.29,0,680,67.9,Charged Off
8600,36 months,10.67,280.21,B,2 years,MORTGAGE,81600,Verified,debt_consolidation,14.93,0,717,28.7,Fully Paid
20900,36 months,7.76,652.62,A,10+ years,RENT,34000,Source Verified,debt_consolidation,38.42,0,751,32.3,Fully Paid
19300,36 months,9.98,622.58,B,10+ years,RENT,67100,Source Verified,debt_consolidation,21.63,0,712,57.5,Fully Paid
13100,36 months,18.21,474.98,D,5 years,RENT,38300,Source Verified,credit_card,12.28,0,675,76.0,Fully Paid
30700,36 months,14.29,1053.58,C,7 years,MORTGAGE,45200,Verified,credit_card,23.69,1,692,70.7,Charged Off
12400,36 months,11.98,411.74,C,3 years,OWN,46000,Not Verified,debt_consolidation,11.18,0,694,46.2,Fully Paid
17700,60 months,14.89,420.06,C,1 year,MORTGAGE,42900,Source Verified,credit_card,24.5,0,717,39.8,Fully Paid
13200,36 months,13.65,448.9,C,10+ years,MORTGAGE,64800,Not Verified,debt_consolidation,13.61,0,712,58.3,Fully Paid
10500,36 months,11.7,347.25,B,4 years,RENT,63200,Verified,home_improvement,10.59,0,708,44.8,Fully Paid
6100,60 months,14.93,144.89,C,4 years,MORTGAGE,67200,Source Verified,debt_consolidation,20.94,0,686,56.7,Charged Off
6200,36 months,7.09,191.69,A,10+ years,RENT,215300,Not Verified,debt_consolidation,11.09,0,737,48.8,Fully Paid
10500,36 months,16.63,372.42,D,5 years,RENT,64300,Verified,credit_card,6.87,0,717,61.2,Fully Paid
23100,36 months,11.44,761.09,B,,OWN,38500,Source Verified,credit_card,8.52,0,752,66.6,Fully Paid
9200,36 months,15.65,321.86,D,10+ years,MORTGAGE,29200,Verified,debt_consolidation,14.4,0,677,47.2,Fully Paid
6900,36 months,6.25,210.69,A,,RENT,42900,Source Verified,debt_consolidation,1.79,1,731,52.3,Fully Paid
18000,36 months,14.46,619.23,C,2 years,RENT,107800,Source Verified,debt_consolidation,13.19,0,723,58.0,Charged Off
4700,36 months,10.97,153.81,B,5 years,RENT,35900,Not Verified,small_business,23.61,1,712,66.7,Charged Off
6600,36 months,15.64,230.87,E,10+ years,MORTGAGE,108500,Not Verified,debt_consolidation,29.86,0,678,64.5,Charged Off
12100,36 months,10.9,395.57,B,2 years,OWN,60600,Verified,debt_consolidation,16.73,1,726,53.1,Fully Paid
9400,36 months,7.68,293.18,A,8 years,MORTGAGE,33200,Source Verified,other,16.47,1,747,49.5,Fully Paid
9800,60 months,8.25,199.88,A,3 years,MORTGAGE,54700,Source Verified,debt_consolidation,9.06,0,750,78.4,Fully Paid
28000,36 months,8.91,889.22,B,2 years,RENT,81600,Source Verified,debt_consolidation,9.09,1,734,60.0,Charged Off
7100,36 months,7.39,220.5,A,10+ years,OWN,52300,Not Verified,credit_card,12.75,0,739,65.8,Fully Paid
13000,36 months,6.95,401.11,A,10+ years,RENT,61300,Verified,car,9.8,0,745,29.2,Fully Paid
13700,36 months,7.36,425.27,A,10+ years,RENT,43500,Not Verified,major_purchase,21.71,0,743,73.8,Fully Paid
15800,36 months,18.79,577.49,E,1 year,RENT,84200,Verified,home_improvement,17.27,0,658,20.6,Fully Paid
7600,36 months,10.05,245.41,B,7 years,MORTGAGE,62100,Verified,credit_card,23.66,2,727,71.5,Fully Paid
11000,36 months,6.5,337.14,A,7 years,MORTGAGE,56100,Source Verified,debt_consolidation,27.78,0,748,81.0,Fully Paid
25700,60 months,22.57,718.16,F,10+ years,RENT,53700,Not Verified,credit_card,16.97,0,655,18.8,Fully Paid
22500,60 months,12.89,510.68,C,10+ years,RENT,88500,Source Verified,small_business,14.51,1,703,15.0,Charged Off
23400,60 months,15.17,558.77,C,10+ years,MORTGAGE,35000,Not Verified,debt_consolidation,1.21,0,698,75.5,Fully Paid
12100,36 months,13.63,411.38,C,3 years,MORTGAGE,62800,Source Verified,debt_consolidation,19.16,1,698,67.3,Fully Paid
4500,36 months,9.11,143.33,B,10+ years,RENT,56500,Source Verified,debt_consolidation,4.96,0,710,38.9,Fully Paid
19300,60 months,17.28,482.57,D,5 years,RENT,80100,Verified,debt_consolidation,20.22,0,694,51.9,Fully Paid
4200,60 months,13.74,97.16,C,< 1 year,RENT,53700,Not Verified,debt_consolidation,28.0,1,713,59.8,Charged Off
12100,36 months,12.02,402.01,B,10+ years,MORTGAGE,128900,Verified,debt_consolidation,22.2,1,724,56.7,Fully Paid
9900,36 months,18.97,362.74,D,3 years,MORTGAGE,135900,Not Verified,credit_card,19.68,1,687,74.5,Fully Paid
9200,36 months,10.46,298.85,B,2 years,MORTGAGE,69300,Not Verified,credit_card,21.28,0,713,68.7,Fully Paid
8600,36 months,17.79,310.01,D,6 years,RENT,97500,Verified,debt_consolidation,36.13,0,682,40.5,Fully Paid
12400,36 months,8.1,389.14,B,10+ years,RENT,116700,Verified,major_purchase,24.39,0,707,87.2,Charged Off
14000,60 months,14.05,326.12,C,10+ years,MORTGAGE,48200,Source Verified,debt_consolidation,11.56,0,704,62.4,Fully Paid
15600,36 months,18.58,568.53,D,10+ years,MORTGAGE,111700,Verified,debt_consolidation,8.12,1,676,31.3,Fully Paid
12600,60 months,18.0,319.96,E,10+ years,OWN,38200,Not Verified,medical,22.02,0,664,82.5,Fully Paid
11200,36 months,17.34,401.21,D,1 year,RENT,39000,Source Verified,credit_card,20.1,0,665,32.0,Fully Paid
40000,36 months,17.72,1440.48,D,10+ years,MORTGAGE,60000,Source Verified,debt_consolidation,14.72,1,700,25.3,Fully Paid
21500,36 months,9.24,686.1,B,< 1 year,MORTGAGE,84500,Verified,other,17.09,0,722,32.2,Fully Paid
11400,36 months,9.82,366.88,B,5 years,MORTGAGE,68800,Source Verified,credit_card,13.06,0,707,46.4,Charged Off
12700,60 months,13.2,290.27,C,5 years,MORTGAGE,61100,Source Verified,credit_card,24.1,1,706,48.4,Fully Paid
16500,60 months,8.4,337.73,A,6 years,RENT,26000,Verified,debt_consolidation,18.12,1,774,29.0,Fully Paid
8700,36 months,10.68,283.51,B,6 years,RENT,73900,Verified,debt_consolidation,29.99,0,713,42.6,Fully Paid
29200,60 months,5.65,559.78,A,10+ years,MORTGAGE,106500,Source Verified,debt_consolidation,7.03,0,767,78.0,Fully Paid
12700,36 months,6.51,389.3,A,10+ years,OTHER,54300,Not Verified,debt_consolidation,22.01,1,748,49.8,Charged Off
12200,36 months,10.37,395.78,B,10+ years,OWN,31700,Not Verified,other,19.19,0,716,70.6,Fully Paid
17500,36 months,10.48,568.63,B,5 years,RENT,60400,Not Verified,debt_consolidation,12.63,0,726,79.9,Fully Paid
17400,36 months,11.88,576.93,B,2 years,MORTGAGE,52700,Not Verified,debt_consolidation,14.59,0,731,27.8,Fully Paid
26200,36 months,11.6,865.22,C,1 year,MORTGAGE,130200,Not Verified,debt_consolidation,14.91,0,707,87.7,Charged Off
25800,36 months,10.65,840.39,B,8 years,MORTGAGE,80000,Verified,debt_consolidation,21.7,0,721,39.5,Fully Paid
32500,60 months,16.42,797.61,D,10+ years,OWN,33300,Verified,debt_consolidation,11.94,0,674,69.5,Fully Paid
5200,36 months,11.98,172.66,C,1 year,RENT,89600,Not Verified,debt_consolidation,16.46,0,704,29.8,Fully Paid
29800,36 months,6.49,913.2,A,8 years,RENT,69400,Verified,debt_consolidation,18.39,0,717,51.6,Fully Paid
15900,36 months,13.4,538.8,C,1 year,MORTGAGE,49300,Verified,home_improvement,15.46,0,710,46.5,Fully Paid
25100,60 months,10.43,538.63,B,10+ years,MORTGAGE,93700,Not Verified,home_improvement,34.53,0,714,65.8,Fully Paid
8300,60 months,14.46,195.11,C,< 1 year,OWN,70100,Not Verified,major_purchase,11.96,0,702,34.4,Fully Paid
4700,60 months,9.45,98.59,B,5 years,OWN,104100,Verified,debt_consolidation,22.06,0,722,74.0,Fully Paid
20800,36 months,17.46,746.35,D,10+ years,MORTGAGE,74700,Verified,home_improvement,11.19,0,687,25.5,Fully Paid
17700,36 months,19.36,652.04,D,2 years,MORTGAGE,106800,Not Verified,credit_card,28.12,0,695,62.2,Fully Paid
24700,36 months,6.68,759.06,A,8 years,RENT,48100,Verified,home_improvement,7.26,1,749,53.3,Fully Paid
3400,36 months,13.77,115.82,C,2 years,RENT,84000,Verified,debt_consolidation,16.25,0,718,46.3,Fully Paid
16300,60 months,10.1,347.13,B,10+ years,RENT,89700,Verified,debt_consolidation,30.48,0,701,,Fully Paid
13000,36 months,11.31,427.51,B,8 years,RENT,96500,Not Verified,credit_card,14.25,0,725,69.8,Fully Paid
5700,36 months,12.14,189.7,C,2 years,RENT,39600,Not Verified,debt_consolidation,4.46,0,704,91.2,Fully Paid
5700,36 months,10.52,185.32,B,10+ years,OWN,227300,Source Verified,credit_card,14.1,0,727,58.2,Fully Paid
28600,36 months,14.93,990.45,C,,RENT,52200,Verified,debt_consolidation,28.97,0,700,45.6,Fully Paid
12000,60 months,10.47,257.75,B,8 years,RENT,73200,Source Verified,credit_card,21.01,0,728,41.1,Fully Paid
15200,60 months,8.07,308.71,A,1 year,MORTGAGE,79000,Source Verified,debt_consolidation,26.21,0,750,19.9,Fully Paid
21700,36 months,12.0,720.75,B,10+ years,RENT,115900,Source Verified,credit_card,12.43,0,723,16.0,Fully Paid
17700,60 months,10.25,378.25,C,10+ years,MORTGAGE,62800,Not Verified,debt_consolidation,11.34,1,715,54.5,Fully Paid
7400,60 months,19.43,193.72,E,8 years,MORTGAGE,44100,Source Verified,debt_consolidation,25.83,0,682,42.2,Charged Off
7600,36 months,12.18,253.08,C,10+ years,MORTGAGE,100400,Not Verified,other,16.07,1,704,51.3,Charged Off
5900,36 months,17.94,213.12,D,4 years,MORTGAGE,25600,Source Verified,small_business,19.25,0,694,50.7,Fully Paid
9400,60 months,11.27,205.65,B,3 years,MORTGAGE,124100,Source Verified,major_purchase,25.3,0,688,19.6,Fully Paid
31500,36 months,7.01,972.77,A,4 years,RENT,130900,Verified,home_improvement,15.93,0,778,79.7,Fully Paid
13000,36 months,12.54,435.15,C,2 years,RENT,76400,Source Verified,debt_consolidation,11.88,0,700,52.5,Charged Off
10700,36 months,11.45,352.59,B,3 years,RENT,155900,Not Verified,debt_consolidation,17.56,0,731,60.4,Fully Paid
11600,36 months,8.53,366.34,A,1 year,RENT,58300,Verified,debt_consolidation,13.16,1,734,19.5,Fully Paid
4100,36 months,10.18,132.64,B,10+ years,OWN,58200,Source Verified,debt_consolidation,20.21,0,705,53.5,Fully Paid
33900,60 months,10.77,733.19,B,< 1 year,RENT,35000,Not Verified,debt_consolidation,15.86,1,694,60.5,Fully Paid
4400,36 months,10.22,142.43,B,10+ years,RENT,62000,Not Verified,debt_consolidation,13.61,0,719,9.6,Fully Paid
4900,60 months,11.11,106.81,B,4 years,OWN,68600,Verified,credit_card,10.96,0,716,45.6,Fully Paid
12100,36 months,16.86,430.56,D,5 years,MORTGAGE,37500,Source Verified,debt_consolidation,9.64,0,678,51.8,Fully Paid
5300,36 months,14.22,181.71,C,1 year,MORTGAGE,58300,Source Verified,major_purchase,5.83,0,690,39.0,Fully Paid
11700,36 months,10.41,379.78,B,10+ years,MORTGAGE,24000,Verified,credit_card,24.96,0,716,60.5,Fully Paid
20000,36 months,14.35,686.96,D,10+ years,MORTGAGE,23200,Source Verified,debt_consolidation,6.9,0,690,72.9,Fully Paid
11700,36 months,10.52,380.39,B,1 year,RENT,231500,Not Verified,debt_consolidation,30.75,0,724,56.2,Fully Paid
40000,36 months,14.14,1369.83,C,10+ years,MORTGAGE,107700,Verified,credit_card,24.35,0,682,51.7,Fully Paid
7000,36 months,15.93,245.86,D,1 year,RENT,222100,Verified,debt_consolidation,9.09,0,675,10.1,Fully Paid
10200,36 months,12.22,339.86,C,10+ years,MORTGAGE,42600,Verified,home_improvement,9.83,0,701,56.6,Fully Paid
11800,36 months,15.53,412.12,C,,RENT,134200,Source Verified,debt_consolidation,15.29,0,701,54.5,Fully Paid
7300,36 months,14.44,251.06,C,1 year,MORTGAGE,75500,Not Verified,debt_consolidation,10.2,0,685,59.6,Fully Paid
12100,36 months,10.19,391.51,B,10+ years,MORTGAGE,34300,Verified,debt_consolidation,23.82,0,698,64.7,Fully Paid
11700,60 months,24.75,341.7,F,10+ years,RENT,34100,Verified,debt_consolidation,16.43,0,680,67.0,Charged Off
9500,36 months,6.53,291.3,A,2 years,MORTGAGE,173800,Verified,debt_consolidation,26.1,0,751,66.3,Fully Paid
8600,36 months,16.98,306.53,D,10+ years,RENT,62600,Not Verified,debt_consolidation,8.26,0,690,24.1,Fully Paid
16300,36 months,28.93,682.44,G,4 years,RENT,58200,Not Verified,small_business,19.17,0,650,62.9,Fully Paid
17300,36 months,6.45,529.83,A,10+ years,MORTGAGE,57600,Source Verified,debt_consolidation,16.67,0,787,73.0,Fully Paid
5600,60 months,17.91,141.93,D,10+ years,MORTGAGE,18300,Verified,credit_card,16.8,1,670,88.1,Fully Paid
12200,36 months,5.94,370.82,A,1 year,RENT,53700,Source Verified,debt_consolidation,21.01,0,740,27.5,Fully Paid
11700,60 months,9.33,244.75,B,10+ years,RENT,29700,Not Verified,credit_card,11.32,0,715,16.5,Fully Paid
10500,36 months,9.57,336.69,B,10+ years,MORTGAGE,85900,Verified,small_business,30.82,0,702,41.2,Fully Paid
13900,60 months,17.93,352.44,D,9 years,MORTGAGE,65900,Source Verified,debt_consolidation,12.93,0,665,32.2,Fully Paid
9300,36 months,7.03,287.28,A,3 years,RENT,111400,Not Verified,medical,25.96,0,751,45.3,Fully Paid
14200,36 months,11.64,469.21,B,2 years,MORTGAGE,99300,Source Verified,credit_card,15.99,0,725,47.1,Fully Paid
5600,60 months,11.45,123.02,B,10+ years,RENT,74800,Verified,credit_card,7.59,0,735,70.1,Charged Off
32600,36 months,6.56,1000.05,A,10+ years,RENT,48600,Verified,debt_consolidation,12.08,0,738,28.9,Fully Paid
21600,36 months,9.37,690.6,B,1 year,RENT,36400,Not Verified,debt_consolidation,24.31,0,731,24.5,Charged Off
18500,36 months,17.88,667.71,D,3 years,MORTGAGE,91100,Verified,debt_consolidation,23.45,0,695,55.2,Fully Paid
15900,60 months,13.55,366.27,C,10+ years,OWN,125800,Not Verified,debt_consolidation,34.23,0,691,75.6,Fully Paid
32700,36 months,8.63,1034.23,B,3 years,RENT,66300,Source Verified,debt_consolidation,12.59,0,718,74.6,Fully Paid
7900,60 months,11.19,172.51,B,2 years,RENT,75800,Verified,credit_card,16.68,1,721,6.0,Fully Paid
7600,36 months,14.49,261.56,C,8 years,MORTGAGE,94500,Source Verified,debt_consolidation,16.5,1,700,30.7,Fully Paid
11100,36 months,13.36,375.93,C,7 years,MORTGAGE,168200,Not Verified,home_improvement,13.66,0,709,61.4,Fully Paid
31100,36 months,6.05,946.83,A,10+ years,MORTGAGE,54700,Source Verified,other,8.26,1,747,54.3,Fully Paid
6100,36 months,10.06,197.0,B,5 years,OWN,78100,Verified,debt_consolidation,29.13,0,715,52.1,Fully Paid
23600,60 months,14.28,552.56,C,10+ years,RENT,33600,Not Verified,home_improvement,15.89,0,687,69.0,Fully Paid
15200,36 months,6.96,469.05,A,1 year,MORTGAGE,128700,Source Verified,debt_consolidation,34.37,0,741,50.3,Fully Paid
6000,60 months,5.94,115.83,A,,MORTGAGE,46800,Source Verified,major_purchase,41.21,0,754,52.3,Charged Off
22500,36 months,12.93,757.36,C,10+ years,RENT,55300,Not Verified,debt_consolidation,44.8,0,702,7.1,Fully Paid
5100,36 months,10.81,166.51,B,2 years,OWN,85400,Source Verified,home_improvement,26.38,0,720,96.7,Fully Paid
12400,60 months,6.31,241.52,A,9 years,RENT,92200,Not Verified,debt_consolidation,24.76,0,754,85.3,Fully Paid
19900,36 months,22.67,766.9,F,3 years,OWN,129200,Not Verified,debt_consolidation,28.79,0,655,64.5,Charged Off
10700,60 months,12.28,239.53,C,5 years,MORTGAGE,67000,Source Verified,debt_consolidation,18.59,0,706,34.6,Fully Paid
11900,36 months,6.7,365.81,A,7 years,MORTGAGE,54600,Verified,credit_card,14.23,0,726,89.3,Fully Paid
12400,60 months,16.28,303.39,D,10+ years,RENT,73600,Not Verified,credit_card,15.25,1,670,51.3,Charged Off
14900,36 months,18.66,543.62,D,8 years,RENT,116700,Not Verified,debt_consolidation,12.53,1,684,,Fully Paid
4800,36 months,15.85,168.4,C,10+ years,MORTGAGE,70400,Not Verified,debt_consolidation,19.03,0,675,50.7,Fully Paid
24500,36 months,6.88,755.15,A,5 years,OWN,69500,Not Verified,debt_consolidation,4.56,0,724,47.1,Fully Paid
21500,36 months,7.4,667.8,A,10+ years,OWN,64000,Source Verified,debt_consolidation,31.11,1,717,63.6,Fully Paid
12500,36 months,15.9,438.85,C,< 1 year,OWN,42200,Source Verified,debt_consolidation,6.9,0,695,72.6,Fully Paid
15400,36 months,9.41,492.66,B,,MORTGAGE,46500,Verified,debt_consolidation,8.98,0,729,38.5,Fully Paid
11000,36 months,10.45,357.27,B,10+ years,RENT,128100,Verified,debt_consolidation,24.86,0,720,52.6,Charged Off
25500,36 months,16.88,907.62,C,10+ years,RENT,79400,Source Verified,credit_card,4.22,0,691,35.6,Fully Paid
20200,36 months,11.1,662.28,B,10+ years,RENT,103300,Not Verified,debt_consolidation,24.11,0,705,33.5,Fully Paid
30400,36 months,15.25,1057.55,C,8 years,MORTGAGE,149600,Source Verified,car,9.17,0,714,71.9,Fully Paid
4300,36 months,6.88,132.54,A,10+ years,RENT,31600,Source Verified,credit_card,11.3,2,749,39.7,Fully Paid
9700,60 months,8.95,201.12,B,9 years,RENT,92700,Source Verified,debt_consolidation,15.64,0,718,74.6,Fully Paid
4800,36 months,10.33,155.63,B,10+ years,MORTGAGE,61100,Source Verified,credit_card,28.09,0,713,43.5,Fully Paid
4500,36 months,6.67,138.27,A,8 years,MORTGAGE,21900,Source Verified,debt_consolidation,11.45,1,730,73.1,Fully Paid
15400,36 months,9.47,493.09,B,3 years,RENT,36800,Source Verified,debt_consolidation,8.94,0,711,60.9,Fully Paid
10900,36 months,6.55,334.32,A,10+ years,OWN,153600,Not Verified,credit_card,25.12,1,726,51.2,Fully Paid
11300,36 months,13.28,382.27,C,7 years,MORTGAGE,33500,Verified,credit_card,24.34,0,678,46.0,Fully Paid
37600,36 months,19.32,1384.36,D,,MORTGAGE,66000,Verified,debt_consolidation,20.07,0,680,29.6,Fully Paid
13900,36 months,26.49,563.67,G,10+ years,MORTGAGE,24900,Verified,home_improvement,16.5,0,666,53.6,Charged Off
15500,36 months,13.15,523.38,C,10+ years,OWN,21100,Source Verified,debt_consolidation,9.56,0,698,54.2,Charged Off
12700,60 months,13.98,295.38,C,10+ years,MORTGAGE,115200,Source Verified,debt_consolidation,10.24,0,691,42.2,Fully Paid
30600,36 months,17.05,1091.74,D,5 years,OWN,29400,Verified,debt_consolidation,22.11,0,679,65.6,Fully Paid
14700,36 months,11.87,487.34,B,7 years,RENT,33000,Source Verified,debt_consolidation,9.61,0,722,42.5,Fully Paid
10200,36 months,15.57,356.44,C,,RENT,59300,Not Verified,debt_consolidation,8.23,0,693,25.5,Charged Off
5600,36 months,11.53,184.75,B,9 years,OWN,166500,Not Verified,debt_consolidation,24.29,0,720,18.4,Charged Off
16300,60 months,15.25,389.92,D,2 years,MORTGAGE,37700,Verified,debt_consolidation,23.97,0,681,29.5,Fully Paid
11700,60 months,28.23,365.91,G,8 years,OWN,121700,Not Verified,debt_consolidation,4.23,0,643,86.8,Charged Off
27300,36 months,11.75,903.49,C,,MORTGAGE,178300,Verified,major_purchase,23.67,0,704,37.5,Fully Paid
20200,36 months,9.57,647.73,B,10+ years,RENT,33100,Source Verified,debt_consolidation,15.38,0,732,64.9,Fully Paid
9500,36 months,10.32,307.97,B,7 years,RENT,85900,Verified,credit_card,27.1,1,736,31.9,Charged Off
18600,60 months,11.46,408.69,B,10+ years,MORTGAGE,108600,Verified,home_improvement,18.53,0,706,19.8,Fully Paid
21700,36 months,6.37,663.8,A,10+ years,RENT,58800,Source Verified,debt_consolidation,9.03,2,736,69.9,Fully Paid
4700,36 months,15.88,164.96,D,6 years,RENT,128300,Not Verified,debt_consolidation,20.19,0,663,69.7,Fully Paid
12600,36 months,6.71,387.38,A,10+ years,RENT,33800,Not Verified,debt_consolidation,10.13,0,729,50.1,Fully Paid
3200,36 months,11.23,105.11,B,4 years,MORTGAGE,51600,Source Verified,debt_consolidation,12.21,0,716,52.8,Fully Paid
11500,36 months,11.26,377.91,B,10+ years,MORTGAGE,38600,Verified,debt_consolidation,11.85,0,710,64.0,Fully Paid
6700,60 months,11.96,148.9,B,2 years,RENT,48100,Source Verified,home_improvement,11.35,0,735,96.1,Fully Paid
6000,36 months,15.09,208.26,C,10+ years,MORTGAGE,99400,Not Verified,debt_consolidation,21.74,0,711,17.4,Fully Paid
10700,36 months,13.51,363.16,C,1 year,MORTGAGE,123500,Verified,debt_consolidation,12.98,1,713,55.0,Charged Off
5900,36 months,16.48,208.83,E,10+ years,OWN,19200,Source Verified,debt_consolidation,26.14,1,663,60.9,Charged Off
7300,36 months,19.11,268.0,E,3 years,MORTGAGE,105100,Not Verified,small_business,30.01,0,671,47.0,Fully Paid
5500,36 months,16.24,194.02,D,2 years,RENT,76600,Source Verified,major_purchase,9.69,0,669,28.1,Fully Paid
7500,36 months,16.25,264.6,D,10+ years,RENT,65200,Not Verified,home_improvement,12.43,0,696,62.3,Fully Paid
9400,60 months,12.53,211.62,B,< 1 year,MORTGAGE,60400,Verified,credit_card,11.31,2,705,24.0,Fully Paid
9400,60 months,9.95,199.49,B,1 year,RENT,105400,Verified,debt_consolidation,18.58,2,717,75.6,Fully Paid
8200,60 months,12.39,184.02,D,6 years,MORTGAGE,36500,Verified,debt_consolidation,10.9,0,698,49.7,Fully Paid
12100,36 months,7.01,373.67,A,10+ years,MORTGAGE,47800,Not Verified,debt_consolidation,13.64,2,767,71.6,Fully Paid
17600,36 months,11.04,576.53,B,,MORTGAGE,187500,Not Verified,debt_consolidation,21.9,0,692,88.9,Fully Paid
9000,60 months,10.91,195.28,B,< 1 year,MORTGAGE,152900,Not Verified,credit_card,10.81,0,693,71.7,Fully Paid
21100,36 months,21.03,795.27,E,7 years,RENT,60200,Source Verified,debt_consolidation,21.81,0,670,31.2,Charged Off
8400,60 months,15.45,201.83,D,4 years,MORTGAGE,66700,Verified,major_purchase,17.19,0,693,51.4,Fully Paid
8900,36 months,11.33,292.77,B,10+ years,MORTGAGE,73900,Verified,debt_consolidation,26.0,3,705,48.8,Charged Off
8600,60 months,6.6,168.67,A,4 years,MORTGAGE,80200,Not Verified,debt_consolidation,18.34,0,751,83.4,Fully Paid
17900,36 months,9.34,572.05,B,4 years,MORTGAGE,110200,Source Verified,debt_consolidation,20.45,1,704,78.0,Fully Paid
21600,36 months,10.18,698.8,B,10+ years,RENT,78600,Not Verified,credit_card,17.59,0,717,42.0,Fully Paid
11300,36 months,10.56,367.6,B,7 years,MORTGAGE,60100,Source Verified,debt_consolidation,16.56,0,713,90.5,Fully Paid
8900,36 months,13.86,303.58,C,8 years,MORTGAGE,83200,Verified,debt_consolidation,49.85,0,697,19.9,Charged Off
5800,36 months,7.08,179.3,A,7 years,OWN,225800,Not Verified,home_improvement,6.98,0,732,40.4,Fully Paid
13100,36 months,14.91,453.54,C,7 years,MORTGAGE,47800,Not Verified,debt_consolidation,16.96,0,701,61.7,Fully Paid
13100,60 months,15.83,317.38,D,5 years,RENT,221500,Source Verified,debt_consolidation,16.85,0,681,75.7,Fully Paid
13200,60 months,10.84,285.95,B,4 years,MORTGAGE,35900,Not Verified,debt_consolidation,19.43,0,709,56.6,Fully Paid
10700,36 months,9.12,340.86,B,,RENT,48700,Verified,debt_consolidation,19.72,0,706,45.3,Fully Paid
10600,36 months,6.84,326.52,A,10+ years,MORTGAGE,18300,Verified,debt_consolidation,11.74,0,752,59.7,Fully Paid
23900,60 months,13.8,553.64,C,6 years,RENT,49600,Source Verified,debt_consolidation,21.88,1,698,68.9,Fully Paid
16800,60 months,14.55,395.71,C,10+ years,RENT,174600,Not Verified,major_purchase,14.38,0,689,25.1,Fully Paid
22700,60 months,19.22,591.6,E,10+ years,MORTGAGE,51800,Verified,debt_consolidation,14.94,0,676,36.2,Fully Paid
10700,60 months,10.59,230.46,B,< 1 year,RENT,65600,Verified,debt_consolidation,29.21,1,703,79.1,Charged Off
10200,36 months,12.54,341.42,C,7 years,MORTGAGE,40400,Not Verified,debt_consolidation,17.2,0,700,40.5,Fully Paid
11300,36 months,15.79,396.1,D,7 years,MORTGAGE,36400,Not Verified,debt_consolidation,11.37,1,682,26.2,Fully Paid
24900,36 months,30.0,1057.04,G,6 years,RENT,57300,Not Verified,car,17.85,0,658,43.2,Charged Off
20200,36 months,9.15,643.77,B,2 years,MORTGAGE,43500,Source Verified,debt_consolidation,22.97,0,711,52.8,Fully Paid
9300,36 months,10.73,303.28,C,7 years,OWN,41300,Not Verified,major_purchase,33.99,0,711,33.1,Charged Off
37800,36 months,15.58,1321.11,C,10+ years,RENT,86300,Not Verified,major_purchase,12.55,0,682,43.2,Fully Paid
5300,36 months,9.2,169.03,B,1 year,MORTGAGE,54600,Source Verified,debt_consolidation,18.42,0,729,46.6,Fully Paid
18300,60 months,14.28,428.47,C,10+ years,RENT,139300,Verified,debt_consolidation,22.08,1,684,20.8,Charged Off
8700,60 months,29.07,276.53,G,2 years,MORTGAGE,77100,Verified,debt_consolidation,16.79,0,645,55.6,Charged Off
13100,36 months,8.99,416.52,B,,MORTGAGE,61500,Source Verified,major_purchase,28.78,0,722,37.2,Fully Paid
9900,60 months,13.49,227.75,C,10+ years,RENT,37400,Verified,debt_consolidation,18.87,0,715,60.8,Fully Paid
21600,60 months,17.39,541.36,D,2 years,MORTGAGE,101400,Verified,debt_consolidation,8.08,0,658,32.6,Fully Paid
11800,36 months,13.48,400.32,C,10+ years,RENT,69100,Not Verified,debt_consolidation,18.91,0,712,59.8,Fully Paid
2300,36 months,6.34,70.33,A,10+ years,RENT,61300,Not Verified,home_improvement,3.26,0,730,42.2,Fully Paid
15000,60 months,16.11,365.65,D,10+ years,RENT,51300,Verified,debt_consolidation,20.97,0,688,20.8,Fully Paid
23400,36 months,13.6,795.22,C,4 years,RENT,41200,Source Verified,debt_consolidation,13.26,1,714,67.2,Fully Paid
12400,36 months,11.11,406.61,B,10+ years,MORTGAGE,104700,Verified,debt_consolidation,6.56,0,715,80.0,Fully Paid
13200,36 months,20.07,491.03,E,,RENT,49700,Verified,credit_card,23.96,1,680,33.8,Fully Paid
16100,36 months,6.98,496.97,A,8 years,MORTGAGE,141200,Verified,debt_consolidation,16.78,2,743,64.9,Fully Paid
8200,60 months,10.83,177.59,B,2 years,OWN,147000,Verified,debt_consolidation,17.54,0,725,59.0,Fully Paid
19200,36 months,13.49,651.46,C,5 years,RENT,35300,Verified,debt_consolidation,22.37,0,692,39.9,Fully Paid
12100,36 months,21.88,461.35,E,4 years,RENT,36800,Source Verified,debt_consolidation,13.85,1,677,64.3,Charged Off
18700,36 months,9.07,595.26,B,2 years,MORTGAGE,32100,Verified,credit_card,22.55,1,706,24.0,Fully Paid
13400,36 months,10.2,433.64,B,1 year,RENT,48800,Not Verified,debt_consolidation,12.61,2,701,62.3,Fully Paid
11100,36 months,7.54,345.48,A,10+ years,RENT,57500,Not Verified,credit_card,23.88,0,746,24.8,Fully Paid
31900,36 months,6.88,983.23,A,10+ years,MORTGAGE,13100,Source Verified,home_improvement,13.88,0,736,88.0,Fully Paid
20900,36 months,11.74,691.59,B,10+ years,RENT,81900,Verified,credit_card,18.35,0,702,21.2,Fully Paid
11200,60 months,17.65,282.28,C,4 years,MORTGAGE,33900,Verified,debt_consolidation,14.09,0,685,35.3,Fully Paid
11100,60 months,16.71,274.14,D,2 years,OWN,179100,Source Verified,debt_consolidation,19.66,1,692,71.2,Fully Paid
11800,60 months,11.57,259.93,B,4 years,RENT,93600,Source Verified,credit_card,6.83,0,722,49.4,Fully Paid
5100,36 months,15.85,178.92,D,2 years,OWN,106400,Verified,debt_consolidation,19.55,0,698,65.8,Charged Off
18300,36 months,8.82,580.4,A,4 years,MORTGAGE,45400,Source Verified,credit_card,27.51,0,755,23.8,Fully Paid
34800,60 months,8.19,708.79,B,4 years,RENT,115000,Verified,credit_card,23.07,1,710,25.2,Fully Paid
18800,36 months,6.87,579.37,A,10+ years,MORTGAGE,97900,Verified,debt_consolidation,8.86,0,726,83.0,Fully Paid
26100,60 months,16.08,635.81,C,4 years,MORTGAGE,94600,Source Verified,debt_consolidation,29.1,0,686,33.8,Fully Paid
7900,36 months,11.29,259.72,B,10+ years,OWN,105000,Verified,debt_consolidation,15.08,1,734,58.4,Fully Paid
18900,60 months,13.52,435.08,C,1 year,MORTGAGE,64000,Not Verified,major_purchase,13.53,0,698,68.1,Charged Off
25900,36 months,16.35,915.05,D,10+ years,RENT,133100,Verified,credit_card,22.33,0,669,56.8,Fully Paid
10300,36 months,19.44,379.85,E,2 years,OWN,47300,Not Verified,debt_consolidation,13.03,1,681,63.5,Fully Paid
7900,60 months,10.58,170.12,B,10+ years,RENT,59500,Not Verified,debt_consolidation,9.77,0,733,62.4,Charged Off
22500,36 months,14.1,770.09,C,4 years,MORTGAGE,210800,Verified,other,5.38,0,703,65.5,Fully Paid
23400,36 months,13.49,793.97,C,9 years,MORTGAGE,62600,Verified,credit_card,33.72,0,697,43.6,Charged Off
15300,36 months,18.81,559.37,E,3 years,MORTGAGE,53500,Verified,debt_consolidation,11.21,0,654,34.4,Charged Off
9300,36 months,13.23,314.39,C,8 years,MORTGAGE,105300,Source Verified,debt_consolidation,20.88,1,702,41.5,Charged Off
7500,60 months,13.36,172.03,C,7 years,MORTGAGE,68600,Source Verified,debt_consolidation,32.21,0,701,71.5,Fully Paid
15700,60 months,10.8,339.79,B,7 years,RENT,141600,Verified,credit_card,24.87,0,690,29.6,Charged Off
9000,60 months,19.39,235.4,E,3 years,RENT,20800,Not Verified,home_improvement,13.51,2,655,55.3,Fully Paid
16000,36 months,7.66,498.88,A,4 years,MORTGAGE,61800,Verified,credit_card,21.78,0,737,55.8,Fully Paid
11800,36 months,12.33,393.79,C,,MORTGAGE,28800,Source Verified,debt_consolidation,22.29,0,686,13.1,Fully Paid
10600,36 months,5.72,321.13,A,10+ years,RENT,98200,Source Verified,credit_card,25.19,0,741,23.7,Fully Paid
9800,36 months,15.1,340.2,D,4 years,MORTGAGE,62300,Not Verified,small_business,28.47,0,691,53.6,Fully Paid
13900,60 months,16.19,339.43,D,3 years,MORTGAGE,80000,Verified,credit_card,5.17,1,684,61.4,Charged Off
6800,36 months,22.93,262.98,F,2 years,MORTGAGE,68600,Source Verified,credit_card,50.0,0,631,69.6,Fully Paid
6400,36 months,19.35,235.73,D,5 years,RENT,18500,Source Verified,major_purchase,22.92,0,690,62.2,Charged Off
9400,36 months,11.51,310.02,B,10+ years,MORTGAGE,131600,Not Verified,car,16.84,1,705,75.5,Charged Off
40000,36 months,13.33,1354.12,C,10+ years,MORTGAGE,62500,Not Verified,credit_card,18.95,0,708,61.7,Fully Paid
15000,60 months,8.35,306.66,A,2 years,MORTGAGE,36400,Not Verified,debt_consolidation,18.56,0,750,29.6,Fully Paid
7700,36 months,15.8,269.95,D,10+ years,MORTGAGE,69700,Verified,debt_consolidation,18.7,2,678,39.0,Fully Paid
26500,36 months,14.59,913.32,C,5 years,RENT,90000,Source Verified,small_business,8.61,0,668,76.5,Fully Paid
24600,36 months,10.92,804.44,B,10+ years,MORTGAGE,34600,Verified,credit_card,12.92,0,715,56.4,Fully Paid
18800,60 months,17.94,476.78,E,10+ years,RENT,39400,Source Verified,credit_card,10.55,0,681,69.1,Fully Paid
8300,36 months,5.72,251.45,A,10+ years,RENT,78700,Source Verified,other,15.24,0,763,16.4,Fully Paid
9000,36 months,12.92,302.9,C,< 1 year,MORTGAGE,46400,Verified,debt_consolidation,14.84,0,684,44.0,Fully Paid
7400,36 months,10.51,240.55,B,10+ years,MORTGAGE,57800,Verified,home_improvement,14.36,0,724,77.0,Fully Paid
13600,60 months,13.13,310.35,C,10+ years,MORTGAGE,72500,Not Verified,debt_consolidation,24.4,1,705,18.9,Fully Paid
20800,36 months,11.28,683.73,B,10+ years,MORTGAGE,58200,Verified,debt_consolidation,9.36,0,726,16.6,Fully Paid
4900,36 months,10.34,158.89,B,2 years,MORTGAGE,85500,Verified,credit_card,19.12,0,706,34.8,Fully Paid
9000,36 months,16.32,317.84,D,< 1 year,OWN,104700,Verified,debt_consolidation,13.69,1,699,45.8,Fully Paid
10600,60 months,19.81,279.72,E,2 years,RENT,148400,Source Verified,other,13.57,0,671,47.2,Fully Paid
22700,36 months,15.35,790.8,C,10+ years,OWN,134500,Not Verified,credit_card,16.05,0,708,27.6,Fully Paid
8700,36 months,9.92,280.4,B,2 years,RENT,141500,Not Verified,major_purchase,10.31,0,713,10.8,Fully Paid
6000,36 months,12.42,200.49,C,1 year,RENT,97100,Not Verified,credit_card,17.13,1,728,59.9,Fully Paid
40000,36 months,11.09,1311.25,B,4 years,RENT,79100,Verified,debt_consolidation,20.74,0,714,74.5,Fully Paid
13000,36 months,5.74,393.96,A,10+ years,RENT,38600,Not Verified,debt_consolidation,16.52,0,736,79.6,Fully Paid
18400,60 months,18.55,472.76,D,1 year,MORTGAGE,122400,Not Verified,debt_consolidation,10.43,0,687,71.0,Charged Off
18100,36 months,14.02,618.79,C,10+ years,MORTGAGE,75200,Not Verified,debt_consolidation,14.39,1,706,42.1,Fully Paid
8800,60 months,15.51,211.71,D,,MORTGAGE,48300,Not Verified,home_improvement,10.78,0,677,32.1,Fully Paid
8900,60 months,8.35,181.95,B,10+ years,OWN,69700,Source Verified,debt_consolidation,30.96,1,714,93.5,Fully Paid
8700,36 months,15.26,302.7,C,9 years,MORTGAGE,54400,Source Verified,debt_consolidation,13.89,0,702,27.0,Fully Paid
10500,36 months,11.17,344.6,B,10+ years,MORTGAGE,204300,Not Verified,car,11.16,0,703,37.2,Fully Paid
11000,60 months,21.65,301.62,E,4 years,RENT,36000,Not Verified,debt_consolidation,9.98,0,651,61.8,Charged Off
16300,36 months,16.55,577.5,D,6 years,RENT,44700,Verified,debt_consolidation,24.24,1,703,17.7,Fully Paid
12400,36 months,13.37,420.02,C,10+ years,RENT,64100,Source Verified,debt_consolidation,16.53,0,689,41.1,Fully Paid
5200,36 months,10.35,168.65,B,10+ years,RENT,74000,Source Verified,debt_consolidation,16.41,1,713,55.9,Fully Paid
30600,36 months,7.84,956.64,A,10+ years,RENT,43800,Verified,debt_consolidation,16.52,0,731,88.8,Fully Paid
7400,36 months,15.24,257.39,C,1 year,MORTGAGE,55800,Verified,debt_consolidation,12.55,0,708,62.2,Fully Paid
8200,60 months,13.08,186.91,C,3 years,MORTGAGE,67400,Source Verified,debt_consolidation,15.12,0,712,41.8,Charged Off
10800,36 months,15.56,377.35,D,1 year,MORTGAGE,125100,Not Verified,debt_consolidation,18.63,3,669,29.3,Fully Paid
40000,36 months,13.46,1356.64,C,3 years,RENT,28600,Source Verified,car,36.27,0,678,62.8,Fully Paid
4200,36 months,13.49,142.51,C,10+ years,RENT,83600,Source Verified,credit_card,28.21,1,686,,Charged Off
24700,36 months,15.07,857.08,C,5 years,RENT,26000,Not Verified,debt_consolidation,24.25,0,695,72.9,Charged Off
8600,60 months,19.98,227.75,E,6 years,MORTGAGE,149300,Verified,debt_consolidation,12.72,0,658,94.6,Charged Off
10600,36 months,9.19,338.02,B,5 years,MORTGAGE,14600,Not Verified,debt_consolidation,17.12,1,711,57.4,Fully Paid
12900,60 months,13.55,297.16,C,7 years,MORTGAGE,185800,Not Verified,debt_consolidation,15.75,0,699,85.5,Charged Off
7400,36 months,5.94,224.92,A,1 year,RENT,80500,Source Verified,home_improvement,7.35,1,726,60.1,Fully Paid
3300,36 months,13.12,111.38,C,< 1 year,MORTGAGE,47600,Not Verified,debt_consolidation,12.14,0,700,87.8,Fully Paid
3200,36 months,7.35,99.32,A,8 years,RENT,111000,Not Verified,medical,45.33,0,771,52.9,Charged Off
32900,36 months,13.28,1112.97,C,2 years,RENT,36300,Verified,debt_consolidation,24.76,0,703,25.9,Fully Paid
32000,36 months,7.88,1000.99,A,10+ years,OWN,150000,Source Verified,credit_card,24.85,1,747,18.6,Fully Paid
23700,36 months,21.2,895.33,E,10+ years,RENT,37900,Not Verified,small_business,4.06,0,671,43.3,Fully Paid
12200,36 months,12.97,410.89,C,2 years,MORTGAGE,38300,Not Verified,debt_consolidation,17.67,0,705,19.3,Fully Paid
7400,36 months,6.19,225.76,A,5 years,OWN,43300,Source Verified,debt_consolidation,8.75,1,745,25.3,Fully Paid
13700,36 months,10.93,448.07,B,10+ years,MORTGAGE,46500,Source Verified,small_business,25.57,0,702,34.6,Fully Paid
18000,36 months,6.18,549.06,A,10+ years,MORTGAGE,102500,Verified,debt_consolidation,17.18,0,748,49.3,Fully Paid
6700,36 months,10.85,218.87,B,6 years,MORTGAGE,67000,Not Verified,other,10.88,0,708,84.9,Fully Paid
21200,36 months,13.02,714.52,C,4 years,MORTGAGE,129900,Not Verified,home_improvement,16.79,0,719,,Charged Off
8000,36 months,14.95,277.13,C,,MORTGAGE,92600,Verified,credit_card,11.7,1,698,56.6,Fully Paid
19100,36 months,14.37,656.23,D,2 years,MORTGAGE,40100,Verified,debt_consolidation,9.6,0,688,21.8,Fully Paid
6600,60 months,6.31,128.55,A,10+ years,MORTGAGE,43200,Not Verified,home_improvement,26.19,0,738,16.5,Fully Paid
13000,36 months,11.6,429.31,B,4 years,MORTGAGE,48000,Not Verified,debt_consolidation,10.11,1,727,53.0,Fully Paid
21900,36 months,7.02,676.41,A,10+ years,RENT,49100,Verified,debt_consolidation,12.65,0,748,44.8,Fully Paid
12700,36 months,7.69,396.16,B,10+ years,MORTGAGE,48100,Verified,car,29.69,0,704,37.0,Fully Paid
16400,60 months,5.8,315.54,A,7 years,MORTGAGE,59800,Not Verified,debt_consolidation,17.06,0,724,92.8,Fully Paid
16300,36 months,16.22,574.83,D,8 years,RENT,54600,Verified,other,11.66,0,687,48.0,Fully Paid
11700,36 months,7.02,361.37,A,< 1 year,RENT,81800,Verified,credit_card,27.18,0,752,69.9,Charged Off
3600,36 months,11.79,119.21,B,7 years,RENT,85500,Source Verified,home_improvement,15.02,0,711,80.5,Fully Paid
5000,36 months,11.72,165.4,B,2 years,RENT,184100,Not Verified,credit_card,18.88,0,705,44.0,Fully Paid
10400,36 months,13.31,351.97,C,5 years,OWN,119900,Not Verified,debt_consolidation,10.14,0,730,17.5,Fully Paid
13600,36 months,6.86,419.06,A,7 years,MORTGAGE,107400,Verified,debt_consolidation,27.66,0,764,42.0,Fully Paid
12000,36 months,12.51,401.5,C,8 years,MORTGAGE,93700,Not Verified,credit_card,20.66,0,715,29.3,Fully Paid
15900,36 months,11.64,525.38,B,10+ years,RENT,44500,Not Verified,credit_card,26.62,0,711,52.4,Fully Paid
6600,36 months,16.26,232.88,E,10+ years,RENT,36600,Source Verified,credit_card,12.15,0,666,44.8,Charged Off
9400,60 months,9.36,196.77,B,10+ years,RENT,48700,Verified,debt_consolidation,27.58,0,710,69.1,Charged Off
6900,36 months,20.73,259.0,E,5 years,RENT,57100,Verified,debt_consolidation,29.61,2,664,56.5,Charged Off
28600,36 months,14.06,978.31,C,10+ years,RENT,40100,Not Verified,debt_consolidation,25.84,0,689,29.6,Charged Off
38600,60 months,7.46,772.73,A,6 years,MORTGAGE,59100,Verified,debt_consolidation,13.43,1,723,42.1,Fully Paid
10500,60 months,15.94,255.0,D,1 year,RENT,38600,Not Verified,debt_consolidation,14.42,0,692,37.8,Fully Paid
7200,36 months,6.76,221.53,A,5 years,RENT,353200,Not Verified,small_business,10.96,0,739,32.9,Fully Paid
14600,36 months,13.44,495.03,C,10+ years,MORTGAGE,83300,Verified,debt_consolidation,11.43,0,717,69.3,Fully Paid
9500,60 months,7.68,191.17,A,4 years,RENT,25800,Not Verified,credit_card,16.29,1,737,85.7,Fully Paid
16900,60 months,14.26,395.52,C,9 years,RENT,44600,Source Verified,home_improvement,32.25,1,691,63.4,Fully Paid
9900,36 months,13.71,336.97,C,9 years,MORTGAGE,38800,Source Verified,major_purchase,34.78,0,707,44.7,Fully Paid
13300,36 months,9.36,425.17,A,4 years,MORTGAGE,56500,Source Verified,credit_card,18.3,0,762,38.1,Fully Paid
14100,60 months,11.01,306.64,B,7 years,OWN,93700,Source Verified,car,14.77,1,732,56.1,Fully Paid
6900,36 months,13.85,235.32,C,3 years,RENT,98500,Source Verified,debt_consolidation,15.42,1,707,47.2,Fully Paid
18000,36 months,9.22,574.24,B,10+ years,OWN,57300,Verified,credit_card,23.92,0,723,36.7,Fully Paid
12200,36 months,22.78,470.86,E,10+ years,RENT,38200,Not Verified,major_purchase,13.68,1,656,20.2,Fully Paid
16600,60 months,13.38,380.94,C,5 years,MORTGAGE,29700,Verified,debt_consolidation,29.04,0,718,58.3,Fully Paid
9300,36 months,10.01,300.13,B,10+ years,MORTGAGE,165800,Verified,debt_consolidation,22.37,0,711,60.3,Fully Paid
14900,60 months,7.03,295.25,A,8 years,MORTGAGE,58100,Source Verified,major_purchase,17.77,0,723,32.5,Fully Paid
13700,36 months,30.0,581.59,G,10+ years,MORTGAGE,89200,Not Verified,debt_consolidation,5.62,0,634,37.3,Fully Paid
19500,60 months,13.33,446.99,C,10+ years,OWN,142700,Source Verified,car,27.52,0,698,52.7,Fully Paid
16000,60 months,7.55,320.99,A,10+ years,MORTGAGE,33300,Verified,debt_consolidation,11.92,0,744,23.7,Fully Paid
21500,36 months,6.31,657.1,A,10+ years,RENT,37200,Not Verified,debt_consolidation,17.83,0,734,64.2,Fully Paid
16800,60 months,11.26,367.45,B,10+ years,MORTGAGE,35600,Verified,debt_consolidation,35.05,0,713,21.1,Fully Paid
7400,36 months,14.37,254.25,C,1 year,MORTGAGE,53000,Verified,other,10.35,1,701,29.6,Fully Paid
18700,36 months,13.17,631.61,C,3 years,MORTGAGE,66900,Source Verified,home_improvement,24.83,0,720,41.0,Fully Paid
20400,60 months,6.08,395.15,A,10+ years,OWN,86900,Verified,credit_card,18.37,0,746,9.6,Charged Off
22300,60 months,18.16,568.22,E,10+ years,MORTGAGE,59800,Source Verified,debt_consolidation,30.04,0,674,29.6,Charged Off
15400,36 months,10.08,497.49,B,10+ years,MORTGAGE,56000,Source Verified,debt_consolidation,24.25,0,718,73.2,Fully Paid
16100,36 months,22.0,614.87,E,1 year,RENT,45000,Source Verified,debt_consolidation,34.09,0,651,45.8,Fully Paid
16500,60 months,13.62,380.68,C,10+ years,RENT,199500,Verified,credit_card,11.55,0,689,52.4,Charged Off
8600,36 months,11.33,282.9,B,3 years,RENT,60500,Not Verified,debt_consolidation,19.17,1,715,77.2,Fully Paid
23300,36 months,10.52,757.53,B,9 years,MORTGAGE,63900,Not Verified,credit_card,10.18,0,700,51.8,Fully Paid
17500,36 months,15.55,611.37,D,< 1 year,OWN,97700,Verified,home_improvement,13.61,0,682,48.7,Fully Paid
9600,36 months,11.26,315.48,C,10+ years,RENT,56300,Not Verified,debt_consolidation,22.28,0,708,60.4,Fully Paid
5800,60 months,21.61,158.91,E,5 years,OWN,88400,Source Verified,debt_consolidation,15.41,0,670,67.7,Fully Paid
5900,60 months,13.96,137.16,C,10+ years,MORTGAGE,46800,Verified,debt_consolidation,23.32,1,695,16.5,Charged Off
15500,60 months,7.78,312.65,A,5 years,MORTGAGE,62800,Not Verified,debt_consolidation,41.81,0,729,33.9,Fully Paid
15700,36 months,9.32,501.6,B,10+ years,MORTGAGE,50300,Not Verified,other,5.85,0,713,56.6,Fully Paid
12500,36 months,17.97,451.72,E,3 years,RENT,92600,Not Verified,debt_consolidation,8.22,0,670,15.8,Fully Paid
21100,36 months,11.24,693.19,B,1 year,RENT,54100,Source Verified,debt_consolidation,7.4,1,683,32.1,Fully Paid
6500,36 months,7.1,201.0,A,10+ years,RENT,42700,Not Verified,medical,9.94,0,738,28.2,Fully Paid
7100,36 months,11.47,234.03,B,1 year,MORTGAGE,53200,Source Verified,debt_consolidation,27.08,2,692,73.7,Fully Paid
23400,36 months,13.64,795.67,C,2 years,MORTGAGE,103100,Source Verified,debt_consolidation,6.7,1,694,70.9,Fully Paid
14000,36 months,16.55,496.01,D,10+ years,OWN,21800,Source Verified,credit_card,18.48,0,691,13.2,Fully Paid
14800,36 months,7.45,460.03,A,10+ years,RENT,62000,Source Verified,debt_consolidation,20.64,1,739,49.9,Charged Off
9900,60 months,19.03,256.97,E,< 1 year,MORTGAGE,98300,Not Verified,debt_consolidation,18.05,0,671,57.7,Fully Paid
5900,60 months,7.55,118.36,A,10+ years,MORTGAGE,170600,Not Verified,debt_consolidation,35.82,1,748,54.4,Fully Paid
18500,36 months,20.63,693.48,D,< 1 year,MORTGAGE,105000,Source Verified,car,27.01,0,676,69.7,Fully Paid
2100,36 months,10.86,68.61,B,5 years,MORTGAGE,308900,Not Verified,credit_card,16.43,0,724,20.6,Fully Paid
7400,60 months,6.15,143.58,A,10+ years,MORTGAGE,123500,Verified,debt_consolidation,13.23,1,730,43.0,Fully Paid
9000,36 months,11.33,296.06,C,5 years,MORTGAGE,39100,Verified,credit_card,9.7,1,736,45.5,Fully Paid
10100,36 months,6.66,310.29,A,10+ years,MORTGAGE,86600,Not Verified,credit_card,26.76,1,753,43.0,Charged Off
6700,36 months,12.71,224.81,C,1 year,MORTGAGE,54800,Source Verified,debt_consolidation,27.06,1,683,41.2,Charged Off
12300,36 months,7.8,384.3,A,10+ years,MORTGAGE,64600,Source Verified,debt_consolidation,22.38,0,749,26.8,Fully Paid
5400,36 months,21.5,204.83,E,9 years,RENT,79700,Verified,credit_card,31.26,0,677,51.1,Charged Off
8400,60 months,11.9,186.43,B,4 years,OWN,77500,Source Verified,debt_consolidation,23.36,1,739,49.3,Fully Paid
18100,36 months,14.66,624.43,C,8 years,MORTGAGE,27600,Not Verified,debt_consolidation,13.54,0,720,37.1,Fully Paid
11700,36 months,13.96,399.65,C,3 years,MORTGAGE,86900,Verified,credit_card,11.84,0,706,53.8,Fully Paid
9500,36 months,8.83,301.35,A,10+ years,MORTGAGE,98800,Verified,small_business,40.53,0,765,69.2,Fully Paid
13100,36 months,6.46,401.26,A,3 years,MORTGAGE,92400,Not Verified,debt_consolidation,1.51,0,729,70.9,Fully Paid
4300,36 months,11.69,142.19,B,10+ years,MORTGAGE,72800,Source Verified,medical,43.97,1,742,32.5,Charged Off
19800,36 months,15.74,693.57,E,10+ years,OWN,59000,Source Verified,debt_consolidation,21.91,0,665,,Fully Paid
9700,60 months,11.87,215.13,C,8 years,MORTGAGE,41000,Verified,debt_consolidation,12.22,0,695,64.2,Fully Paid
34300,36 months,14.12,1174.29,C,2 years,RENT,35000,Verified,debt_consolidation,11.24,2,706,36.6,Fully Paid
8200,60 months,13.4,188.26,C,4 years,RENT,54700,Source Verified,home_improvement,8.67,1,708,,Fully Paid
9500,36 months,13.39,321.88,C,10+ years,MORTGAGE,50300,Not Verified,medical,21.91,0,688,73.0,Fully Paid
11700,36 months,14.9,405.01,C,4 years,MORTGAGE,130000,Not Verified,debt_consolidation,8.99,0,706,38.2,Fully Paid
19600,36 months,7.2,606.98,A,5 years,MORTGAGE,37400,Not Verified,debt_consolidation,9.2,0,743,12.9,Fully Paid
5900,36 months,10.74,192.43,B,10+ years,MORTGAGE,144600,Not Verified,home_improvement,3.24,0,718,56.1,Fully Paid
18500,36 months,13.77,630.22,C,5 years,MORTGAGE,175300,Not Verified,other,7.71,0,692,87.6,Fully Paid
12000,60 months,15.63,289.46,C,7 years,OTHER,34600,Verified,debt_consolidation,7.68,0,706,38.3,Fully Paid
13800,36 months,13.82,470.45,C,10+ years,RENT,126800,Source Verified,debt_consolidation,7.33,0,713,16.3,Fully Paid
5200,36 months,22.07,198.78,E,10+ years,MORTGAGE,38000,Not Verified,debt_consolidation,15.39,2,668,52.6,Fully Paid
5600,60 months,9.87,118.63,B,5 years,MORTGAGE,120300,Source Verified,car,8.4,1,699,47.0,Charged Off
40000,60 months,11.25,874.69,B,2 years,OWN,74500,Verified,debt_consolidation,9.54,0,701,69.9,Fully Paid
13000,60 months,7.47,260.31,A,10+ years,MORTGAGE,132300,Source Verified,credit_card,10.49,0,745,65.9,Fully Paid
13500,36 months,9.03,429.48,B,5 years,MORTGAGE,77700,Source Verified,medical,15.16,0,706,38.3,Fully Paid
10300,36 months,20.98,387.95,D,10+ years,OWN,26700,Verified,medical,14.02,0,687,61.6,Fully Paid
13000,36 months,9.47,416.25,B,8 years,MORTGAGE,83800,Source Verified,medical,20.83,1,708,31.6,Fully Paid
6700,36 months,12.44,223.95,B,5 years,MORTGAGE,73800,Verified,debt_consolidation,5.1,0,720,21.8,Fully Paid
5900,36 months,14.28,202.45,C,10+ years,OWN,94900,Not Verified,debt_consolidation,5.7,0,694,15.8,Fully Paid
10200,60 months,14.22,238.5,C,8 years,MORTGAGE,124900,Verified,debt_consolidation,11.48,1,689,56.3,Fully Paid
17400,36 months,10.29,563.82,B,7 years,RENT,46600,Not Verified,credit_card,30.99,1,728,38.6,Fully Paid
9000,36 months,15.26,313.14,D,1 year,MORTGAGE,99400,Verified,debt_consolidation,5.49,0,671,95.4,Fully Paid
4500,36 months,12.83,151.25,B,2 years,RENT,128900,Verified,debt_consolidation,13.38,0,722,50.1,Charged Off
14000,36 months,14.91,484.7,C,2 years,MORTGAGE,100100,Source Verified,credit_card,20.04,0,683,42.0,Fully Paid
9800,60 months,9.8,207.26,B,10+ years,OWN,50700,Verified,other,14.04,0,709,49.3,Fully Paid
14300,36 months,13.57,485.76,C,2 years,OWN,57500,Source Verified,credit_card,21.02,0,700,73.2,Charged Off
15100,36 months,10.46,490.5,B,10+ years,RENT,44200,Not Verified,debt_consolidation,13.99,0,737,41.7,Fully Paid
21000,60 months,21.71,576.54,E,5 years,MORTGAGE,39900,Verified,debt_consolidation,6.55,0,678,66.6,Charged Off
6600,60 months,18.23,168.42,E,6 years,OWN,37300,Verified,credit_card,12.84,0,682,17.4,Fully Paid
14300,60 months,9.37,299.42,B,6 years,RENT,32700,Not Verified,debt_consolidation,15.42,1,714,83.8,Fully Paid
7600,36 months,12.93,255.82,C,10+ years,RENT,32600,Verified,car,45.2,1,707,81.6,Fully Paid
10900,60 months,20.57,292.25,E,10+ years,RENT,143600,Not Verified,debt_consolidation,9.85,0,670,14.2,Charged Off
20800,36 months,16.14,732.7,D,10+ years,OWN,41400,Source Verified,debt_consolidation,28.57,0,684,49.8,Fully Paid
7800,60 months,9.03,162.03,B,10+ years,MORTGAGE,67500,Verified,debt_consolidation,21.97,0,735,17.5,Fully Paid
16700,36 months,14.65,576.05,C,1 year,RENT,44700,Source Verified,credit_card,10.66,0,697,89.0,Fully Paid
6700,60 months,12.66,151.28,C,9 years,MORTGAGE,44300,Verified,debt_consolidation,18.35,0,697,49.3,Fully Paid
16700,60 months,11.04,363.43,B,6 years,OTHER,102000,Not Verified,debt_consolidation,27.19,0,700,70.1,Fully Paid
6800,36 months,24.63,269.04,F,< 1 year,MORTGAGE,77600,Verified,other,14.87,0,647,49.7,Charged Off
13800,36 months,10.22,446.71,B,,RENT,105400,Not Verified,debt_consolidation,25.59,3,728,66.1,Fully Paid
15200,36 months,21.88,579.55,F,7 years,RENT,49400,Verified,debt_consolidation,19.6,0,652,57.0,Charged Off
1900,36 months,7.88,59.43,A,5 years,OWN,56200,Verified,credit_card,5.94,0,756,67.4,Fully Paid
17500,36 months,7.44,543.88,A,10+ years,RENT,89200,Not Verified,credit_card,38.1,0,756,74.3,Charged Off
13900,36 months,10.01,448.58,B,< 1 year,MORTGAGE,65200,Source Verified,credit_card,24.0,2,709,81.9,Fully Paid
15700,36 months,10.25,508.44,B,10+ years,RENT,85100,Not Verified,debt_consolidation,13.5,0,736,7.4,Fully Paid
17000,60 months,9.69,358.61,B,10+ years,RENT,59200,Verified,major_purchase,35.0,0,720,75.3,Fully Paid
26500,60 months,15.21,633.36,C,8 years,MORTGAGE,116800,Verified,debt_consolidation,10.85,0,700,84.9,Charged Off
14100,60 months,12.11,314.43,B,3 years,RENT,102500,Not Verified,credit_card,17.73,0,713,68.2,Fully Paid
13500,36 months,12.12,449.17,B,3 years,MORTGAGE,102600,Verified,credit_card,8.09,0,726,47.9,Fully Paid
7700,36 months,10.35,249.72,B,10+ years,RENT,33200,Not Verified,credit_card,6.65,0,718,66.0,Fully Paid
8300,36 months,12.77,278.74,C,1 year,RENT,89700,Verified,home_improvement,22.67,0,692,54.2,Charged Off
10000,60 months,10.8,216.43,B,8 years,MORTGAGE,163800,Not Verified,debt_consolidation,20.27,0,712,50.4,Fully Paid
13300,60 months,19.03,345.23,E,10+ years,MORTGAGE,59800,Not Verified,debt_consolidation,21.3,0,682,74.6,Charged Off
34800,36 months,13.02,1172.88,C,1 year,RENT,72300,Not Verified,debt_consolidation,8.6,1,729,18.5,Fully Paid
9800,36 months,24.66,387.89,F,10+ years,MORTGAGE,44100,Not Verified,credit_card,22.52,1,654,36.0,Charged Off
14700,36 months,13.18,496.58,B,10+ years,RENT,60400,Verified,debt_consolidation,40.9,0,716,19.1,Charged Off
8300,36 months,10.13,268.32,B,8 years,RENT,31600,Source Verified,debt_consolidation,25.16,1,709,71.0,Charged Off
24800,36 months,7.33,769.5,A,10+ years,MORTGAGE,100100,Not Verified,credit_card,6.34,0,743,78.9,Fully Paid
3700,36 months,11.63,122.24,C,7 years,RENT,80900,Source Verified,debt_consolidation,8.74,0,699,18.3,Fully Paid
4700,36 months,11.85,155.77,C,4 years,RENT,25100,Source Verified,other,35.8,0,706,63.1,Fully Paid
6900,36 months,14.69,238.14,C,1 year,OWN,52300,Source Verified,debt_consolidation,14.69,0,691,47.0,Fully Paid
23000,36 months,8.67,727.87,B,10+ years,MORTGAGE,22000,Source Verified,other,22.3,0,706,55.9,Fully Paid
22300,60 months,15.22,533.09,C,< 1 year,RENT,284200,Source Verified,credit_card,18.06,0,704,72.0,Fully Paid
9600,36 months,12.34,320.42,C,3 years,RENT,50700,Source Verified,debt_consolidation,12.09,0,728,56.3,Fully Paid
9800,36 months,13.33,331.76,C,10+ years,OWN,44100,Not Verified,major_purchase,17.32,1,695,21.1,Fully Paid
40000,36 months,12.17,1331.82,C,1 year,MORTGAGE,30400,Not Verified,credit_card,13.59,1,696,41.2,Fully Paid
4600,36 months,18.11,166.55,E,2 years,RENT,90500,Source Verified,credit_card,14.74,0,685,55.2,Charged Off
5800,60 months,12.96,131.85,C,4 years,MORTGAGE,61000,Source Verified,home_improvement,6.24,0,697,40.3,Fully Paid
14900,36 months,16.54,527.82,D,10+ years,MORTGAGE,73200,Verified,credit_card,13.97,0,682,41.1,Fully Paid
15000,60 months,10.7,323.9,B,10+ years,RENT,62500,Source Verified,debt_consolidation,19.11,0,710,83.2,Fully Paid
6200,36 months,10.05,200.2,B,6 years,MORTGAGE,33300,Not Verified,other,19.6,0,708,56.5,Fully Paid
21500,36 months,17.3,769.75,D,,MORTGAGE,46400,Not Verified,debt_consolidation,11.7,0,688,46.2,Charged Off
23600,36 months,17.17,843.4,D,9 years,MORTGAGE,179900,Not Verified,credit_card,7.65,0,698,,Fully Paid
20400,36 months,9.84,656.72,B,10+ years,MORTGAGE,142400,Verified,home_improvement,12.07,0,719,48.1,Fully Paid
23800,60 months,13.59,548.74,C,1 year,RENT,99900,Not Verified,home_improvement,14.69,1,683,75.9,Charged Off
14600,36 months,9.19,465.57,B,10+ years,RENT,47700,Not Verified,credit_card,28.88,0,703,68.0,Fully Paid
12800,36 months,13.47,434.19,C,2 years,RENT,100000,Not Verified,debt_consolidation,12.31,0,713,21.7,Fully Paid
8300,60 months,12.9,188.43,C,9 years,MORTGAGE,47100,Not Verified,debt_consolidation,28.21,2,690,47.6,Fully Paid
5200,36 months,11.63,171.8,B,< 1 year,OWN,68200,Source Verified,credit_card,11.64,0,714,62.6,Fully Paid
21200,36 months,10.35,687.55,B,2 years,RENT,93800,Source Verified,debt_consolidation,15.56,1,748,53.4,Fully Paid
18200,36 months,9.57,583.6,B,,RENT,21900,Verified,debt_consolidation,15.23,0,703,68.9,Fully Paid
7300,60 months,7.28,145.52,A,10+ years,RENT,90600,Not Verified,credit_card,11.37,0,733,69.8,Fully Paid
11000,60 months,10.63,237.14,B,10+ years,MORTGAGE,37200,Source Verified,credit_card,18.6,0,709,66.2,Fully Paid
10400,36 months,10.0,335.58,B,2 years,RENT,32900,Verified,debt_consolidation,27.67,0,689,59.6,Charged Off
13100,60 months,20.97,354.18,E,10+ years,RENT,40200,Verified,other,22.78,0,696,56.0,Charged Off
16100,60 months,10.88,349.09,B,10+ years,RENT,121900,Not Verified,home_improvement,13.86,1,732,14.9,Fully Paid
26800,60 months,9.92,568.37,B,3 years,RENT,70200,Not Verified,other,21.37,0,719,64.2,Fully Paid
21700,60 months,14.75,513.4,C,8 years,RENT,105600,Not Verified,credit_card,10.73,0,703,25.9,Fully Paid
6900,60 months,17.73,174.2,D,4 years,RENT,47300,Not Verified,debt_consolidation,22.25,1,662,51.2,Charged Off
16700,36 months,11.11,547.61,B,10+ years,MORTGAGE,112300,Source Verified,debt_consolidation,14.49,0,738,84.9,Fully Paid
14600,60 months,6.72,287.17,A,6 years,RENT,27000,Source Verified,major_purchase,22.0,1,726,43.0,Fully Paid
7000,60 months,15.37,167.89,E,7 years,RENT,82900,Source Verified,credit_card,22.0,0,664,48.0,Charged Off
6100,60 months,15.47,146.63,C,4 years,MORTGAGE,133800,Not Verified,credit_card,22.28,0,691,48.5,Fully Paid
7200,36 months,14.12,246.5,C,5 years,MORTGAGE,44200,Source Verified,other,16.42,0,693,32.4,Charged Off
17400,36 months,5.31,523.92,A,4 years,MORTGAGE,21600,Not Verified,debt_consolidation,14.24,0,754,42.5,Fully Paid
15000,60 months,11.19,327.56,B,10+ years,MORTGAGE,64600,Not Verified,debt_consolidation,17.09,1,737,56.3,Fully Paid
11800,36 months,12.98,397.47,C,10+ years,RENT,422500,Source Verified,debt_consolidation,17.11,0,685,20.1,Fully Paid
5700,60 months,10.75,123.22,B,1 year,RENT,35100,Not Verified,debt_consolidation,21.47,1,717,14.3,Fully Paid
11100,60 months,18.9,287.33,E,6 years,MORTGAGE,101400,Not Verified,major_purchase,18.02,0,671,66.8,Charged Off
14100,36 months,15.93,495.23,D,10+ years,OTHER,96000,Source Verified,debt_consolidation,11.38,1,701,32.4,Fully Paid
10000,36 months,12.65,335.26,C,2 years,OWN,40200,Not Verified,debt_consolidation,31.0,3,697,62.5,Fully Paid
21800,60 months,10.12,464.47,B,10+ years,OWN,42000,Verified,small_business,27.79,1,712,32.0,Charged Off
23400,36 months,13.86,798.17,C,3 years,MORTGAGE,45900,Source Verified,home_improvement,7.79,0,704,42.8,Fully Paid
6500,36 months,9.86,209.31,B,7 years,MORTGAGE,57200,Not Verified,debt_consolidation,15.41,0,714,78.1,Fully Paid
4400,36 months,10.42,142.84,B,10+ years,MORTGAGE,82700,Source Verified,credit_card,12.27,0,704,63.7,Fully Paid
11300,36 months,18.13,409.26,D,5 years,RENT,34000,Source Verified,medical,12.41,0,668,31.0,Fully Paid
19600,36 months,13.01,660.5,C,6 years,MORTGAGE,42200,Source Verified,credit_card,13.31,1,706,50.2,Fully Paid
7000,36 months,10.9,228.84,B,3 years,OTHER,46200,Verified,debt_consolidation,10.61,0,709,70.5,Fully Paid
12700,36 months,11.12,416.5,C,< 1 year,MORTGAGE,97900,Verified,credit_card,10.15,0,709,54.6,Fully Paid
10000,60 months,18.52,256.77,D,10+ years,RENT,94000,Not Verified,medical,10.17,0,656,50.5,Fully Paid
23700,36 months,7.51,737.33,B,10+ years,MORTGAGE,78100,Verified,other,25.62,0,714,46.1,Fully Paid
20400,36 months,12.19,679.42,C,5 years,MORTGAGE,34300,Source Verified,debt_consolidation,27.84,0,710,39.3,Charged Off
34300,36 months,11.03,1123.43,B,10+ years,MORTGAGE,45800,Verified,debt_consolidation,5.87,0,693,49.9,Fully Paid
8700,60 months,15.4,208.8,D,2 years,OWN,75400,Source Verified,debt_consolidation,26.05,0,698,40.6,Fully Paid
11800,36 months,6.57,362.03,A,10+ years,MORTGAGE,84600,Not Verified,debt_consolidation,30.12,0,743,70.0,Charged Off
17300,36 months,7.09,534.89,A,8 years,MORTGAGE,51700,Verified,credit_card,16.92,0,726,13.0,Fully Paid
8900,36 months,9.21,283.89,B,9 years,MORTGAGE,45600,Not Verified,debt_consolidation,14.59,0,718,22.3,Fully Paid
8000,60 months,18.21,204.06,E,10+ years,RENT,108600,Verified,credit_card,10.27,0,668,39.1,Fully Paid
19900,36 months,10.46,646.42,B,10+ years,MORTGAGE,29200,Not Verified,debt_consolidation,3.75,0,712,14.1,Fully Paid
4100,36 months,13.14,138.42,C,2 years,RENT,135300,Verified,major_purchase,23.45,0,722,81.8,Fully Paid
30700,36 months,10.08,991.76,B,10+ years,RENT,58100,Not Verified,debt_consolidation,17.74,0,718,47.5,Fully Paid
13900,36 months,6.53,426.21,A,10+ years,MORTGAGE,79700,Not Verified,credit_card,12.85,0,726,56.3,Fully Paid
8500,36 months,6.74,261.45,A,10+ years,MORTGAGE,78100,Verified,credit_card,22.06,3,757,47.9,Fully Paid
27200,60 months,11.66,600.39,B,10+ years,RENT,54400,Verified,debt_consolidation,16.54,1,717,22.8,Charged Off
11700,36 months,13.49,396.99,C,10+ years,MORTGAGE,75100,Not Verified,credit_card,20.35,0,687,63.6,Charged Off
13100,36 months,11.94,434.73,B,10+ years,RENT,20600,Source Verified,credit_card,9.2,0,737,55.9,Fully Paid
8400,60 months,12.58,189.32,C,10+ years,RENT,80200,Source Verified,credit_card,34.26,0,681,20.7,Charged Off
14500,60 months,11.55,319.26,B,4 years,OWN,130900,Source Verified,debt_consolidation,22.22,0,721,,Fully Paid
13500,36 months,9.73,433.9,B,9 years,MORTGAGE,61400,Verified,home_improvement,14.52,1,702,76.2,Fully Paid
13000,36 months,13.67,442.23,D,10+ years,RENT,25800,Source Verified,credit_card,17.37,0,691,69.4,Fully Paid
20100,36 months,10.98,657.86,B,10+ years,RENT,106900,Verified,home_improvement,14.02,0,722,43.9,Fully Paid
5800,60 months,10.77,125.44,B,8 years,MORTGAGE,76400,Not Verified,major_purchase,25.92,0,710,76.5,Fully Paid
6100,36 months,13.4,206.71,C,10+ years,RENT,45500,Not Verified,debt_consolidation,19.56,0,689,48.9,Charged Off
9600,36 months,21.06,361.98,E,9 years,RENT,83900,Not Verified,credit_card,17.73,1,668,52.8,Charged Off
9100,36 months,12.91,306.22,B,10+ years,OWN,146100,Not Verified,major_purchase,30.3,0,707,27.1,Fully Paid
27400,36 months,8.59,866.09,A,1 year,MORTGAGE,70100,Verified,debt_consolidation,16.92,0,738,29.5,Fully Paid
7200,36 months,15.51,251.39,D,10+ years,OWN,81700,Source Verified,debt_consolidation,19.86,0,675,65.5,Charged Off
7400,36 months,15.58,258.63,C,9 years,RENT,170900,Source Verified,debt_consolidation,28.41,0,713,48.8,Charged Off
8700,36 months,10.22,281.62,B,9 years,MORTGAGE,141600,Source Verified,debt_consolidation,12.62,0,698,63.1,Charged Off
6800,36 months,7.5,211.52,A,10+ years,MORTGAGE,90300,Not Verified,home_improvement,12.58,1,746,65.2,Fully Paid
8200,36 months,9.44,262.44,B,< 1 year,RENT,43100,Verified,debt_consolidation,29.9,0,708,32.2,Fully Paid
7500,60 months,24.93,219.83,E,,RENT,205500,Verified,debt_consolidation,4.43,1,657,62.1,Fully Paid
8600,36 months,11.09,281.92,B,< 1 year,MORTGAGE,94800,Source Verified,debt_consolidation,14.75,0,719,32.9,Fully Paid
6400,60 months,11.62,141.14,C,10+ years,MORTGAGE,26700,Not Verified,debt_consolidation,17.94,0,698,76.4,Fully Paid
7700,36 months,7.16,238.32,A,2 years,RENT,78000,Not Verified,credit_card,16.31,1,733,38.8,Fully Paid
6200,36 months,14.71,214.05,D,< 1 year,OWN,98500,Verified,debt_consolidation,17.48,0,693,49.7,Fully Paid
16500,36 months,9.23,526.46,B,10+ years,OWN,120600,Not Verified,debt_consolidation,9.18,0,717,75.5,Fully Paid
4800,60 months,10.36,102.84,B,5 years,MORTGAGE,47700,Not Verified,debt_consolidation,10.6,0,716,47.5,Fully Paid
7400,36 months,11.35,243.49,B,10+ years,RENT,57300,Verified,credit_card,8.46,0,711,50.0,Fully Paid
10700,60 months,13.96,248.75,C,10+ years,MORTGAGE,42600,Verified,major_purchase,11.18,1,688,51.8,Fully Paid
10900,60 months,14.76,257.94,D,< 1 year,MORTGAGE,47900,Source Verified,debt_consolidation,29.98,0,679,62.6,Charged Off
9100,36 months,16.19,320.78,E,5 years,RENT,29700,Not Verified,debt_consolidation,26.44,2,653,57.2,Charged Off
5600,36 months,13.45,189.9,C,4 years,RENT,24600,Not Verified,debt_consolidation,21.08,0,715,50.3,Charged Off
15700,36 months,18.07,568.14,E,3 years,MORTGAGE,40500,Source Verified,credit_card,18.52,0,645,26.7,Fully Paid
10400,60 months,14.29,243.56,C,5 years,RENT,120100,Not Verified,debt_consolidation,11.65,0,723,53.4,Fully Paid
8600,36 months,12.28,286.79,C,3 years,RENT,65200,Verified,debt_consolidation,10.98,1,694,89.9,Fully Paid
14300,36 months,11.08,468.71,B,10+ years,MORTGAGE,133400,Not Verified,credit_card,8.13,0,762,19.0,Fully Paid
9600,36 months,12.49,321.11,C,< 1 year,MORTGAGE,47600,Verified,credit_card,5.93,1,701,74.8,Fully Paid
29100,36 months,13.66,989.77,C,4 years,RENT,44200,Source Verified,debt_consolidation,10.96,0,704,24.2,Fully Paid
2900,60 months,17.62,73.04,D,3 years,RENT,86100,Verified,car,17.24,0,680,60.0,Fully Paid
10700,36 months,27.59,440.22,G,10+ years,OWN,146200,Not Verified,credit_card,14.66,0,654,32.0,Fully Paid
7400,36 months,22.43,284.26,F,10+ years,MORTGAGE,70400,Not Verified,debt_consolidation,23.02,0,656,91.2,Fully Paid
25000,36 months,8.4,788.03,A,,MORTGAGE,125400,Source Verified,debt_consolidation,9.44,0,735,33.9,Fully Paid
22200,36 months,11.46,731.65,B,,RENT,53900,Verified,debt_consolidation,15.38,0,707,33.0,Fully Paid
17800,36 months,12.79,597.95,B,3 years,MORTGAGE,12800,Not Verified,credit_card,20.69,1,715,48.2,Fully Paid
20300,60 months,15.56,488.92,D,10+ years,RENT,78600,Source Verified,debt_consolidation,22.56,1,689,80.6,Fully Paid
5100,36 months,19.12,187.26,D,8 years,OWN,40400,Source Verified,debt_consolidation,13.43,0,690,49.9,Fully Paid
13900,36 months,7.24,430.72,A,10+ years,MORTGAGE,106400,Source Verified,home_improvement,6.64,2,746,59.0,Fully Paid
9800,36 months,10.0,316.22,B,3 years,MORTGAGE,73200,Verified,major_purchase,9.99,2,714,59.3,Fully Paid
14500,36 months,6.89,446.99,A,2 years,MORTGAGE,35500,Not Verified,debt_consolidation,13.05,1,740,72.7,Fully Paid
14300,60 months,13.94,332.29,C,2 years,MORTGAGE,28000,Not Verified,credit_card,11.92,0,697,54.9,Fully Paid
19400,36 months,7.53,603.73,A,10+ years,MORTGAGE,66200,Not Verified,debt_consolidation,13.24,0,738,6.7,Fully Paid
13500,60 months,10.33,289.03,B,10+ years,MORTGAGE,44800,Not Verified,debt_consolidation,21.13,0,725,76.9,Fully Paid
26100,60 months,5.89,503.25,A,7 years,RENT,29700,Not Verified,car,15.5,1,746,33.9,Fully Paid
10500,36 months,8.17,329.86,A,3 years,RENT,49500,Not Verified,debt_consolidation,3.96,0,775,55.2,Fully Paid
4300,36 months,10.27,139.29,B,1 year,RENT,67600,Source Verified,credit_card,12.73,0,725,87.3,Fully Paid
31300,36 months,14.11,1071.43,C,1 year,RENT,83400,Source Verified,debt_consolidation,23.67,0,680,17.3,Fully Paid
20500,36 months,16.8,728.84,D,10+ years,OWN,102000,Source Verified,credit_card,8.65,0,680,45.8,Fully Paid
12400,60 months,11.51,272.77,B,10+ years,MORTGAGE,35600,Not Verified,debt_consolidation,13.4,0,706,42.1,Fully Paid
24500,60 months,11.78,542.27,B,10+ years,MORTGAGE,106300,Not Verified,debt_consolidation,12.25,0,706,17.4,Fully Paid
40000,60 months,14.86,948.66,D,1 year,MORTGAGE,33300,Not Verified,debt_consolidation,7.45,0,668,9.5,Fully Paid
14000,36 months,15.26,487.1,D,< 1 year,RENT,40400,Not Verified,debt_consolidation,8.17,1,689,63.2,Fully Paid
11500,36 months,13.55,390.53,C,4 years,RENT,82700,Source Verified,medical,21.66,1,692,60.0,Fully Paid
2000,60 months,12.12,44.61,C,8 years,RENT,66300,Verified,home_improvement,13.12,0,715,27.9,Fully Paid
13900,36 months,22.56,534.88,E,10+ years,OWN,48200,Source Verified,small_business,17.66,0,658,88.2,Fully Paid
31100,36 months,9.72,999.43,B,7 years,RENT,110300,Not Verified,major_purchase,8.84,0,744,46.2,Fully Paid
25900,36 months,11.25,851.0,C,4 years,MORTGAGE,88100,Verified,credit_card,44.24,1,705,16.7,Fully Paid
3900,36 months,6.72,119.92,A,8 years,RENT,36200,Verified,medical,15.2,0,733,35.3,Fully Paid
8200,60 months,9.47,172.1,B,10+ years,RENT,92600,Verified,debt_consolidation,9.07,0,725,57.1,Fully Paid
4600,36 months,13.44,155.97,C,2 years,MORTGAGE,42800,Verified,major_purchase,13.67,0,693,72.6,Fully Paid
14800,60 months,7.57,297.05,A,10+ years,MORTGAGE,119700,Source Verified,debt_consolidation,12.4,1,756,65.3,Fully Paid
7300,36 months,15.84,256.07,D,3 years,MORTGAGE,104300,Verified,credit_card,44.31,1,675,64.9,Charged Off
3900,36 months,13.16,131.71,D,1 year,MORTGAGE,78800,Verified,home_improvement,35.84,0,697,85.4,Fully Paid
14300,36 months,13.22,483.34,C,,MORTGAGE,57100,Source Verified,debt_consolidation,19.21,0,707,58.4,Fully Paid
16300,36 months,10.31,528.33,B,3 years,RENT,84800,Source Verified,debt_consolidation,9.78,0,713,62.1,Fully Paid
4100,36 months,13.08,138.3,C,6 years,OTHER,99600,Verified,credit_card,30.86,1,687,65.5,Fully Paid
4800,36 months,11.13,157.44,B,4 years,RENT,67400,Verified,credit_card,5.73,1,724,74.3,Fully Paid
40000,60 months,18.51,1026.87,D,4 years,MORTGAGE,59900,Verified,debt_consolidation,28.19,0,698,86.8,Fully Paid
13800,36 months,12.08,458.88,B,10+ years,RENT,16200,Verified,home_improvement,3.94,1,726,56.8,Fully Paid
6600,36 months,6.79,203.16,A,10+ years,MORTGAGE,100000,Source Verified,home_improvement,9.26,0,734,79.0,Fully Paid
15000,36 months,15.37,522.7,C,10+ years,MORTGAGE,59300,Not Verified,debt_consolidation,11.57,0,681,47.8,Fully Paid
3700,36 months,11.95,122.8,C,10+ years,MORTGAGE,132300,Not Verified,debt_consolidation,14.91,2,693,41.0,Fully Paid
22100,60 months,13.81,512.05,C,< 1 year,MORTGAGE,169900,Source Verified,debt_consolidation,13.09,0,711,4.3,Fully Paid
19200,36 months,18.0,694.13,E,10+ years,RENT,32100,Source Verified,other,9.91,0,682,44.5,Charged Off
12500,36 months,16.34,441.56,D,10+ years,MORTGAGE,30700,Not Verified,credit_card,9.55,0,675,65.2,Fully Paid
18600,36 months,8.81,589.83,B,3 years,MORTGAGE,50700,Verified,debt_consolidation,12.79,1,702,59.3,Fully Paid
16000,60 months,6.4,312.31,A,4 years,RENT,63800,Source Verified,other,16.47,0,737,55.6,Fully Paid
6500,36 months,13.87,221.74,C,8 years,MORTGAGE,65400,Verified,debt_consolidation,27.26,0,687,33.3,Fully Paid
33200,36 months,9.08,1056.99,B,< 1 year,MORTGAGE,82200,Source Verified,debt_consolidation,19.11,1,698,73.5,Fully Paid
3400,60 months,6.37,66.32,A,10+ years,MORTGAGE,112100,Source Verified,home_improvement,17.29,1,735,29.2,Fully Paid
15800,36 months,10.09,510.49,B,1 year,MORTGAGE,27400,Verified,credit_card,20.08,0,726,62.3,Fully Paid
14700,36 months,7.41,456.65,A,6 years,RENT,59200,Not Verified,small_business,11.79,1,731,15.2,Fully Paid
17000,36 months,13.96,580.69,C,2 years,MORTGAGE,47800,Source Verified,debt_consolidation,19.45,0,700,36.6,Fully Paid
10600,36 months,12.43,354.25,C,10+ years,OTHER,60500,Not Verified,debt_consolidation,23.46,0,704,75.5,Fully Paid
8800,36 months,23.23,341.7,E,10+ years,RENT,81300,Not Verified,car,12.85,0,661,25.4,Fully Paid
15000,60 months,10.04,319.0,B,8 years,OWN,114300,Not Verified,credit_card,12.67,0,721,52.2,Fully Paid
17500,36 months,11.62,578.08,C,1 year,RENT,40600,Source Verified,debt_consolidation,29.42,0,697,42.3,Fully Paid
8900,36 months,15.36,310.09,C,10+ years,RENT,38900,Source Verified,credit_card,12.86,0,713,39.9,Fully Paid
9500,36 months,12.31,316.94,C,10+ years,MORTGAGE,93700,Not Verified,credit_card,11.52,0,693,20.4,Fully Paid
9600,36 months,6.84,295.72,A,2 years,MORTGAGE,53200,Source Verified,major_purchase,16.43,0,766,41.8,Fully Paid
15500,36 months,13.84,528.55,C,4 years,MORTGAGE,99000,Not Verified,debt_consolidation,10.49,0,704,60.4,Fully Paid
8800,36 months,11.41,289.81,B,10+ years,MORTGAGE,31600,Not Verified,debt_consolidation,19.35,1,723,37.2,Charged Off
26200,36 months,15.13,909.9,C,1 year,MORTGAGE,159300,Verified,debt_consolidation,12.39,0,692,63.1,Fully Paid
6800,36 months,8.81,215.64,B,4 years,RENT,35700,Verified,debt_consolidation,4.87,1,697,49.5,Fully Paid
16900,36 months,7.37,524.69,A,10+ years,MORTGAGE,90200,Not Verified,credit_card,23.1,0,764,40.4,Fully Paid
17700,36 months,8.02,554.82,A,3 years,MORTGAGE,55500,Not Verified,debt_consolidation,9.08,0,752,65.2,Fully Paid
12500,36 months,5.94,379.93,A,10+ years,RENT,61700,Not Verified,credit_card,27.23,1,747,72.2,Fully Paid
7400,36 months,16.34,261.41,D,1 year,RENT,207100,Source Verified,debt_consolidation,17.36,1,682,72.4,Fully Paid
29100,60 months,14.42,683.46,C,1 year,MORTGAGE,28300,Verified,home_improvement,8.51,1,692,32.8,Fully Paid
7300,60 months,7.24,145.38,A,2 years,RENT,70500,Verified,home_improvement,15.54,0,766,43.0,Fully Paid
10300,60 months,9.97,218.69,B,4 years,MORTGAGE,74500,Source Verified,small_business,22.4,0,724,29.0,Charged Off
14100,60 months,8.88,291.87,A,3 years,RENT,28500,Not Verified,credit_card,7.79,0,749,44.0,Fully Paid
6800,36 months,12.6,227.81,C,10+ years,MORTGAGE,19200,Source Verified,debt_consolidation,10.63,0,722,55.2,Fully Paid
12700,36 months,15.04,440.5,D,8 years,MORTGAGE,109000,Verified,debt_consolidation,20.89,0,675,15.4,Fully Paid
22200,36 months,11.56,732.7,B,2 years,MORTGAGE,87700,Verified,debt_consolidation,14.31,0,737,46.4,Fully Paid
15100,36 months,15.01,523.52,D,10+ years,RENT,42800,Verified,debt_consolidation,18.22,0,682,70.4,Fully Paid
7000,60 months,28.32,219.3,F,8 years,MORTGAGE,62300,Verified,debt_consolidation,16.4,1,649,77.1,Charged Off
19800,36 months,11.09,649.07,C,10+ years,RENT,83100,Verified,debt_consolidation,12.16,1,691,33.2,Fully Paid
5600,36 months,14.09,191.64,C,10+ years,RENT,76600,Source Verified,debt_consolidation,14.94,1,700,77.3,Fully Paid
22300,60 months,15.74,539.22,C,8 years,MORTGAGE,93000,Source Verified,small_business,22.19,2,712,51.8,Charged Off
6800,36 months,10.66,221.53,B,3 years,MORTGAGE,31600,Source Verified,debt_consolidation,13.81,0,714,75.0,Fully Paid
12900,60 months,15.76,312.06,D,10+ years,MORTGAGE,32300,Source Verified,medical,20.15,0,673,28.0,Charged Off
11000,60 months,6.8,216.78,A,10+ years,RENT,37900,Verified,credit_card,10.66,0,726,59.5,Fully Paid
30200,36 months,18.62,1101.22,E,10+ years,MORTGAGE,84300,Source Verified,credit_card,16.32,0,682,25.7,Charged Off
9500,36 months,25.21,378.77,F,4 years,RENT,65800,Source Verified,other,31.23,0,663,40.6,Fully Paid
14600,36 months,13.84,497.86,C,7 years,MORTGAGE,58000,Not Verified,debt_consolidation,23.34,0,703,56.7,Fully Paid
11100,36 months,11.84,367.83,B,< 1 year,MORTGAGE,131600,Source Verified,debt_consolidation,17.77,0,710,43.4,Fully Paid
14200,36 months,22.79,548.13,F,10+ years,OWN,17500,Verified,debt_consolidation,15.7,0,655,48.5,Fully Paid
2700,60 months,13.31,61.86,C,10+ years,MORTGAGE,63500,Not Verified,credit_card,35.13,0,720,69.7,Fully Paid
8900,36 months,17.09,317.71,D,10+ years,MORTGAGE,120200,Not Verified,debt_consolidation,6.11,0,675,94.0,Charged Off
22100,36 months,7.41,686.53,A,7 years,MORTGAGE,60500,Not Verified,credit_card,10.74,0,749,91.3,Charged Off
8600,36 months,9.18,274.2,B,< 1 year,OWN,83800,Verified,debt_consolidation,39.8,0,708,22.6,Charged Off
6700,36 months,8.96,212.93,B,10+ years,MORTGAGE,75000,Verified,debt_consolidation,17.8,0,709,51.3,Fully Paid
5800,36 months,10.03,187.23,B,9 years,MORTGAGE,76600,Verified,major_purchase,25.1,0,698,61.9,Charged Off
16200,60 months,11.58,356.93,B,10+ years,MORTGAGE,66600,Source Verified,credit_card,24.69,0,720,18.7,Fully Paid
16900,36 months,6.37,516.97,A,8 years,MORTGAGE,32500,Verified,debt_consolidation,29.52,1,754,51.6,Fully Paid
15400,36 months,14.35,528.96,C,10+ years,MORTGAGE,19800,Source Verified,debt_consolidation,30.72,1,697,36.4,Fully Paid
13100,36 months,12.47,438.05,C,9 years,OWN,176500,Not Verified,debt_consolidation,12.25,0,687,,Fully Paid
9600,36 months,5.91,291.66,A,8 years,RENT,123000,Not Verified,debt_consolidation,3.23,0,750,48.2,Fully Paid
21500,36 months,16.31,759.17,D,3 years,MORTGAGE,102700,Verified,debt_consolidation,14.39,0,686,44.1,Fully Paid
21000,36 months,14.07,718.44,C,9 years,MORTGAGE,24600,Verified,debt_consolidation,17.28,1,682,40.9,Fully Paid
7400,36 months,11.82,245.15,C,4 years,MORTGAGE,47700,Verified,credit_card,16.35,0,674,27.4,Fully Paid
7100,36 months,20.53,265.78,E,10+ years,RENT,114400,Verified,car,9.58,0,674,33.7,Charged Off
13800,36 months,9.31,440.83,B,3 years,RENT,106900,Not Verified,debt_consolidation,8.14,0,733,22.3,Fully Paid
6600,36 months,11.32,217.08,B,7 years,MORTGAGE,22900,Source Verified,debt_consolidation,7.13,0,705,65.3,Fully Paid
30300,60 months,16.02,737.16,C,10+ years,RENT,49100,Source Verified,debt_consolidation,12.63,0,711,28.7,Fully Paid
40000,60 months,13.82,927.0,C,7 years,MORTGAGE,140000,Not Verified,home_improvement,16.85,0,706,48.7,Fully Paid
9600,60 months,18.53,246.55,E,6 years,MORTGAGE,46700,Source Verified,debt_consolidation,13.33,0,669,57.1,Fully Paid
5900,60 months,11.14,128.69,B,5 years,RENT,91800,Not Verified,major_purchase,14.76,0,726,38.0,Charged Off
16900,36 months,7.98,529.43,B,5 years,MORTGAGE,87800,Verified,medical,5.97,0,723,39.7,Fully Paid
6600,36 months,7.86,206.39,A,10+ years,RENT,27600,Verified,debt_consolidation,10.69,0,753,33.7,Fully Paid
11300,60 months,7.19,224.77,A,10+ years,RENT,115500,Verified,small_business,13.31,1,747,49.2,Fully Paid
17500,60 months,8.5,359.04,B,10+ years,MORTGAGE,66500,Verified,credit_card,12.68,0,709,54.2,Charged Off
16600,60 months,15.47,399.02,C,9 years,RENT,24100,Verified,major_purchase,7.6,0,697,24.5,Fully Paid
6500,36 months,7.14,201.12,A,10+ years,MORTGAGE,95500,Verified,debt_consolidation,3.6,2,726,37.1,Fully Paid
4300,60 months,6.36,83.85,A,10+ years,MORTGAGE,71500,Source Verified,debt_consolidation,21.64,0,748,65.6,Fully Paid
5400,60 months,25.31,159.48,F,10+ years,MORTGAGE,86300,Verified,debt_consolidation,24.77,0,676,3.2,Charged Off
11600,60 months,15.22,277.3,C,5 years,RENT,38000,Not Verified,debt_consolidation,5.67,1,691,31.3,Fully Paid
9700,36 months,14.24,332.65,C,10+ years,RENT,91600,Not Verified,debt_consolidation,8.0,1,719,26.4,Fully Paid
30900,60 months,11.23,675.39,B,10+ years,MORTGAGE,29400,Not Verified,credit_card,13.45,0,709,58.0,Fully Paid
16100,60 months,18.03,409.1,D,10+ years,RENT,143100,Not Verified,debt_consolidation,28.22,0,677,90.7,Charged Off
14200,60 months,13.21,324.62,C,2 years,RENT,78400,Not Verified,debt_consolidation,14.99,0,683,81.0,Fully Paid
17300,60 months,15.23,413.66,C,3 years,MORTGAGE,180200,Verified,small_business,6.1,0,695,30.3,Fully Paid
6300,36 months,9.76,202.57,B,< 1 year,OWN,46100,Verified,debt_consolidation,32.54,0,695,70.4,Charged Off
13200,36 months,16.39,466.62,D,10+ years,RENT,65400,Not Verified,debt_consolidation,19.37,0,678,40.7,Charged Off
18800,36 months,9.84,605.21,B,,MORTGAGE,102500,Verified,debt_consolidation,22.66,0,705,15.9,Fully Paid
7800,36 months,17.77,281.09,D,7 years,RENT,49400,Not Verified,debt_consolidation,19.76,0,703,79.3,Fully Paid
8000,36 months,17.78,288.34,D,8 years,RENT,208900,Not Verified,home_improvement,16.62,1,690,35.1,Fully Paid
17500,36 months,17.64,629.51,D,10+ years,RENT,95100,Not Verified,medical,15.4,1,660,64.9,Charged Off
19000,36 months,17.17,679.01,D,10+ years,RENT,99300,Source Verified,small_business,17.42,0,683,71.4,Fully Paid
5100,36 months,25.8,204.94,G,6 years,MORTGAGE,30100,Source Verified,home_improvement,22.79,1,641,54.2,Charged Off
16600,36 months,12.75,557.32,C,10+ years,RENT,37900,Source Verified,credit_card,19.67,0,692,63.5,Fully Paid
6400,36 months,10.32,207.47,B,6 years,RENT,47800,Not Verified,credit_card,14.62,0,721,44.5,Fully Paid
6200,36 months,13.42,210.16,C,5 years,OWN,164800,Not Verified,debt_consolidation,10.51,0,729,56.3,Fully Paid
6400,60 months,14.94,152.05,D,10+ years,RENT,31700,Verified,home_improvement,14.88,0,683,50.9,Fully Paid
8800,36 months,7.96,275.6,A,10+ years,RENT,155500,Not Verified,debt_consolidation,5.72,0,746,58.6,Fully Paid
12200,36 months,12.64,408.95,B,2 years,RENT,84900,Source Verified,debt_consolidation,31.73,0,701,95.4,Fully Paid
25800,36 months,10.14,834.19,B,2 years,MORTGAGE,43400,Verified,debt_consolidation,17.33,0,716,32.1,Fully Paid
11300,36 months,21.04,425.96,E,10+ years,MORTGAGE,111700,Source Verified,debt_consolidation,18.11,0,635,32.0,Charged Off
19700,36 months,12.24,656.58,C,10+ years,RENT,57700,Not Verified,debt_consolidation,9.5,0,725,33.6,Fully Paid
8900,36 months,7.73,277.79,A,5 years,MORTGAGE,95300,Not Verified,debt_consolidation,9.06,0,769,33.9,Fully Paid
16300,36 months,10.28,528.1,B,10+ years,OWN,88900,Not Verified,debt_consolidation,13.81,0,694,,Fully Paid
11100,60 months,16.85,274.97,D,< 1 year,RENT,77200,Not Verified,car,13.31,1,692,58.2,Fully Paid
7900,36 months,20.52,295.69,E,9 years,RENT,91800,Source Verified,debt_consolidation,23.82,0,653,28.0,Fully Paid
31500,36 months,9.35,1006.83,B,8 years,RENT,84700,Verified,debt_consolidation,24.34,0,691,44.0,Fully Paid
7300,36 months,13.53,247.83,C,6 years,OWN,33900,Source Verified,credit_card,21.65,1,705,70.7,Fully Paid
11400,36 months,14.23,390.9,C,2 years,MORTGAGE,40300,Not Verified,medical,16.8,0,710,60.1,Fully Paid
7700,60 months,11.49,169.3,B,9 years,OWN,37900,Not Verified,credit_card,11.44,0,705,56.0,Fully Paid
14500,60 months,9.05,301.35,B,10+ years,MORTGAGE,179800,Not Verified,debt_consolidation,15.71,1,735,62.2,Fully Paid
29900,60 months,9.16,623.0,B,,RENT,12300,Source Verified,debt_consolidation,10.9,1,729,53.8,Fully Paid
9000,36 months,19.81,333.6,E,10+ years,MORTGAGE,55700,Verified,debt_consolidation,18.08,0,661,47.2,Fully Paid
13700,36 months,12.06,455.43,B,4 years,RENT,61700,Source Verified,debt_consolidation,20.24,0,712,76.4,Charged Off
6900,36 months,13.65,234.65,D,4 years,MORTGAGE,21600,Not Verified,debt_consolidation,18.01,0,672,42.4,Fully Paid
5500,36 months,9.62,176.49,B,4 years,RENT,71000,Verified,debt_consolidation,15.67,0,719,78.9,Charged Off
7300,36 months,7.93,228.52,A,7 years,MORTGAGE,37300,Not Verified,credit_card,11.74,2,752,76.1,Fully Paid
10900,36 months,5.94,331.3,A,,MORTGAGE,62600,Verified,credit_card,15.36,0,739,63.0,Fully Paid
11700,36 months,17.61,420.7,D,10+ years,RENT,76900,Source Verified,credit_card,12.84,0,716,37.9,Fully Paid
12900,36 months,20.67,483.83,E,10+ years,MORTGAGE,95000,Not Verified,debt_consolidation,20.59,0,680,61.4,Fully Paid
10400,36 months,11.02,340.58,B,10+ years,OWN,161500,Verified,debt_consolidation,3.95,1,721,13.9,Fully Paid
8500,60 months,16.85,210.56,D,9 years,MORTGAGE,53900,Verified,debt_consolidation,24.75,0,703,65.3,Charged Off
22300,60 months,14.52,524.91,C,10+ years,RENT,42000,Source Verified,other,24.14,0,687,17.1,Fully Paid
8200,60 months,14.35,192.29,C,7 years,MORTGAGE,289700,Source Verified,debt_consolidation,15.29,0,709,32.2,Fully Paid
8100,36 months,6.42,247.96,A,5 years,RENT,179000,Verified,debt_consolidation,8.55,1,760,54.9,Fully Paid
5100,36 months,9.5,163.37,B,10+ years,OWN,118800,Not Verified,debt_consolidation,20.35,0,720,5.9,Fully Paid
14100,36 months,15.84,494.6,C,1 year,MORTGAGE,118000,Verified,credit_card,12.43,0,682,43.9,Fully Paid
14700,60 months,7.49,294.49,A,8 years,MORTGAGE,44100,Not Verified,credit_card,14.69,0,744,45.3,Fully Paid
14000,36 months,15.38,487.92,D,10+ years,RENT,106100,Not Verified,debt_consolidation,18.75,1,703,68.2,Fully Paid
10100,36 months,12.92,339.92,C,6 years,RENT,21300,Verified,debt_consolidation,34.36,0,708,64.1,Fully Paid
7900,60 months,14.43,185.59,C,10+ years,MORTGAGE,47100,Source Verified,debt_consolidation,27.78,1,675,64.3,Charged Off
6700,36 months,9.82,215.62,B,10+ years,MORTGAGE,53600,Verified,credit_card,13.92,0,732,,Charged Off
16100,36 months,9.89,518.67,B,10+ years,MORTGAGE,32400,Not Verified,debt_consolidation,14.23,0,705,91.0,Fully Paid
10500,36 months,10.71,342.32,B,5 years,RENT,43100,Not Verified,other,22.14,0,725,29.7,Fully Paid
16000,60 months,6.98,316.67,A,8 years,OWN,65000,Source Verified,debt_consolidation,8.43,0,725,41.7,Fully Paid
10700,60 months,22.87,300.84,F,10+ years,MORTGAGE,160400,Source Verified,credit_card,10.11,1,667,29.4,Fully Paid
10800,36 months,17.12,385.69,D,10+ years,MORTGAGE,81000,Not Verified,debt_consolidation,4.55,0,693,87.5,Fully Paid
8300,36 months,6.46,254.24,A,2 years,RENT,81500,Verified,debt_consolidation,19.04,1,741,43.4,Fully Paid
12800,36 months,25.32,511.09,E,10+ years,RENT,85300,Source Verified,debt_consolidation,13.11,0,654,50.1,Fully Paid
12500,60 months,7.8,252.26,A,10+ years,MORTGAGE,123600,Not Verified,credit_card,16.86,0,738,82.2,Fully Paid
13500,36 months,7.95,422.73,A,4 years,MORTGAGE,81600,Source Verified,credit_card,29.54,2,734,51.9,Fully Paid
6300,60 months,15.69,152.17,D,10+ years,RENT,44900,Source Verified,credit_card,10.36,0,677,31.0,Fully Paid
15600,60 months,12.31,349.46,C,3 years,MORTGAGE,93900,Verified,medical,14.62,0,680,74.0,Fully Paid
5600,60 months,6.34,109.15,A,10+ years,RENT,26000,Not Verified,credit_card,22.46,0,722,4.6,Fully Paid
12300,36 months,11.17,403.68,B,9 years,RENT,48400,Source Verified,other,8.23,0,725,58.8,Fully Paid
11300,36 months,9.47,361.81,B,,MORTGAGE,49500,Source Verified,debt_consolidation,19.91,0,711,61.0,Fully Paid
9200,36 months,12.6,308.21,C,4 years,MORTGAGE,174400,Verified,credit_card,11.39,0,724,36.2,Fully Paid
10600,36 months,13.8,361.25,C,10+ years,OWN,126400,Not Verified,debt_consolidation,23.47,0,690,63.9,Fully Paid
18900,36 months,12.92,636.09,C,< 1 year,MORTGAGE,36600,Verified,debt_consolidation,11.6,0,684,47.7,Fully Paid
10400,36 months,12.72,349.02,C,10+ years,MORTGAGE,108600,Source Verified,debt_consolidation,9.72,0,691,40.3,Fully Paid
8000,36 months,15.3,278.5,C,10+ years,RENT,97800,Verified,small_business,18.21,1,711,44.1,Fully Paid
29300,60 months,14.95,696.28,C,< 1 year,RENT,122800,Source Verified,debt_consolidation,11.43,1,729,68.0,Fully Paid
9700,60 months,14.08,226.1,D,10+ years,MORTGAGE,83700,Not Verified,debt_consolidation,30.92,0,682,34.0,Fully Paid
12500,36 months,7.05,386.25,A,4 years,MORTGAGE,83000,Not Verified,credit_card,9.14,0,748,92.7,Fully Paid
22800,36 months,15.13,791.82,C,10+ years,MORTGAGE,60100,Source Verified,debt_consolidation,9.71,0,691,17.0,Fully Paid
6400,36 months,18.55,233.14,E,1 year,MORTGAGE,20100,Source Verified,credit_card,24.78,1,669,37.2,Charged Off
5700,36 months,19.19,209.49,E,10+ years,OWN,172200,Not Verified,credit_card,27.75,0,666,91.2,Fully Paid
22700,60 months,13.5,522.32,C,10+ years,MORTGAGE,210500,Not Verified,home_improvement,19.26,0,715,41.7,Fully Paid
23600,60 months,9.13,491.39,B,10+ years,MORTGAGE,70600,Source Verified,credit_card,21.94,0,724,27.2,Fully Paid
14200,60 months,10.26,303.53,B,10+ years,MORTGAGE,44900,Verified,debt_consolidation,36.81,0,720,63.5,Fully Paid
29700,60 months,16.79,734.77,D,8 years,MORTGAGE,94300,Not Verified,small_business,14.7,0,688,62.3,Charged Off
40000,60 months,10.98,869.3,B,8 years,OWN,21400,Not Verified,debt_consolidation,16.71,1,721,36.9,Fully Paid
13900,36 months,10.08,449.04,B,10+ years,MORTGAGE,47500,Verified,debt_consolidation,11.17,0,694,57.3,Fully Paid
8500,36 months,8.95,270.1,B,< 1 year,RENT,59800,Source Verified,debt_consolidation,15.04,0,730,32.6,Fully Paid
37900,36 months,13.91,1293.68,C,1 year,MORTGAGE,78900,Not Verified,small_business,15.29,0,696,25.5,Fully Paid
12000,36 months,9.0,381.6,B,10+ years,RENT,21300,Not Verified,debt_consolidation,22.33,0,716,74.8,Fully Paid
6900,36 months,11.55,227.7,C,8 years,RENT,44200,Not Verified,credit_card,23.42,0,710,91.8,Fully Paid
9800,36 months,14.09,335.37,C,5 years,RENT,78200,Source Verified,debt_consolidation,14.66,0,702,69.6,Fully Paid
13100,36 months,18.75,478.54,E,2 years,OTHER,95100,Source Verified,credit_card,10.76,0,668,32.7,Fully Paid
14800,36 months,10.35,479.99,B,10+ years,MORTGAGE,69400,Source Verified,debt_consolidation,7.56,0,706,41.2,Fully Paid
26300,36 months,19.62,972.32,E,6 years,MORTGAGE,43700,Source Verified,home_improvement,10.3,0,657,55.0,Fully Paid
6400,36 months,10.95,209.38,B,7 years,RENT,43900,Not Verified,debt_consolidation,26.29,0,712,30.8,Charged Off
9900,36 months,8.09,310.64,A,10+ years,OWN,138800,Not Verified,debt_consolidation,27.66,1,734,27.7,Fully Paid
14900,60 months,6.61,292.3,A,3 years,RENT,28000,Not Verified,other,25.59,0,743,88.0,Fully Paid
10600,36 months,6.2,323.43,A,10+ years,MORTGAGE,38000,Verified,debt_consolidation,11.73,0,748,55.2,Fully Paid
22700,36 months,10.86,741.66,B,7 years,RENT,60700,Verified,credit_card,17.95,0,717,35.5,Fully Paid
9200,36 months,14.02,314.52,C,10+ years,RENT,170100,Not Verified,debt_consolidation,17.39,0,706,38.6,Fully Paid
14200,36 months,11.91,471.03,C,2 years,MORTGAGE,75300,Not Verified,debt_consolidation,24.35,0,701,61.6,Fully Paid
7600,36 months,6.36,232.45,A,6 years,MORTGAGE,144400,Not Verified,debt_consolidation,20.09,0,716,50.6,Charged Off
5900,36 months,12.75,198.08,C,10+ years,OWN,95500,Not Verified,debt_consolidation,13.12,1,694,70.0,Fully Paid
12500,36 months,6.67,384.08,A,8 years,RENT,33500,Not Verified,debt_consolidation,7.7,0,718,52.9,Fully Paid
26500,36 months,14.07,906.61,C,10+ years,RENT,138200,Not Verified,debt_consolidation,18.11,0,680,62.7,Charged Off
13900,36 months,15.13,482.73,C,10+ years,MORTGAGE,53600,Not Verified,debt_consolidation,15.68,1,698,48.0,Fully Paid
4100,36 months,12.96,138.07,C,2 years,RENT,77600,Not Verified,medical,17.33,0,704,62.2,Fully Paid
25100,36 months,21.72,954.95,E,1 year,MORTGAGE,43300,Not Verified,debt_consolidation,16.06,0,676,77.9,Fully Paid
9200,36 months,13.64,312.83,C,10+ years,MORTGAGE,36200,Verified,credit_card,23.44,0,690,12.7,Fully Paid
16600,36 months,19.45,612.27,D,5 years,MORTGAGE,59500,Not Verified,debt_consolidation,10.63,0,666,75.7,Fully Paid
19100,36 months,8.19,600.2,B,2 years,MORTGAGE,29000,Not Verified,debt_consolidation,25.37,1,704,50.5,Fully Paid
15200,36 months,6.93,468.85,A,1 year,MORTGAGE,52900,Not Verified,credit_card,11.65,0,740,59.5,Fully Paid
9300,36 months,14.78,321.39,D,< 1 year,MORTGAGE,59300,Not Verified,debt_consolidation,19.81,0,664,76.7,Fully Paid
10600,36 months,12.32,353.69,C,< 1 year,MORTGAGE,81700,Not Verified,debt_consolidation,15.94,0,710,37.7,Charged Off
9300,36 months,5.42,280.49,A,10+ years,MORTGAGE,27600,Verified,credit_card,9.58,0,728,49.8,Fully Paid
5900,36 months,6.04,179.6,A,5 years,MORTGAGE,116500,Not Verified,debt_consolidation,10.24,0,731,80.3,Fully Paid
9700,36 months,9.12,309.0,B,10+ years,RENT,33900,Not Verified,debt_consolidation,16.42,1,732,38.4,Fully Paid
7800,36 months,28.23,323.61,G,6 years,MORTGAGE,70600,Source Verified,medical,9.98,2,670,79.7,Fully Paid
15700,36 months,20.46,587.15,E,10+ years,MORTGAGE,116300,Verified,debt_consolidation,11.19,1,660,42.5,Fully Paid
24300,36 months,15.2,844.75,C,1 year,RENT,23700,Verified,debt_consolidation,14.68,1,713,54.0,Fully Paid
29300,36 months,11.08,960.35,B,10+ years,RENT,74200,Source Verified,debt_consolidation,37.62,1,712,56.7,Fully Paid
16200,36 months,9.16,516.36,A,10+ years,MORTGAGE,118900,Verified,credit_card,17.77,0,722,24.7,Fully Paid
5800,60 months,9.67,122.29,B,1 year,MORTGAGE,80100,Verified,home_improvement,7.19,2,720,44.3,Charged Off
13900,36 months,17.34,497.93,D,10+ years,OWN,58400,Source Verified,other,7.22,0,694,57.0,Fully Paid
6600,36 months,10.77,215.36,B,4 years,RENT,75400,Verified,debt_consolidation,14.26,1,738,40.9,Fully Paid
11600,36 months,6.0,352.89,A,1 year,MORTGAGE,38400,Not Verified,debt_consolidation,22.62,0,731,40.2,Fully Paid
6000,36 months,6.98,185.21,A,7 years,MORTGAGE,53200,Not Verified,credit_card,18.97,0,770,81.1,Fully Paid
9200,36 months,14.45,316.45,C,,RENT,99000,Not Verified,debt_consolidation,42.76,0,726,38.6,Charged Off
32800,60 months,13.94,762.18,C,< 1 year,RENT,23500,Verified,debt_consolidation,16.19,0,702,43.1,Fully Paid
18300,60 months,11.17,399.44,B,4 years,MORTGAGE,22600,Not Verified,home_improvement,10.84,1,715,9.7,Fully Paid
14200,60 months,7.04,281.45,A,10+ years,RENT,47000,Not Verified,small_business,21.58,0,744,66.4,Fully Paid
3700,36 months,7.56,115.19,A,10+ years,RENT,56500,Not Verified,credit_card,14.75,1,734,11.9,Fully Paid
11900,36 months,14.63,410.36,C,7 years,RENT,128600,Not Verified,credit_card,23.49,0,712,38.2,Charged Off
18900,36 months,8.34,595.23,A,< 1 year,MORTGAGE,117400,Verified,credit_card,12.42,0,767,65.4,Fully Paid
7200,60 months,13.9,167.16,C,9 years,MORTGAGE,128200,Source Verified,debt_consolidation,8.59,0,699,64.0,Fully Paid
9400,60 months,16.11,229.14,D,,OWN,111900,Source Verified,debt_consolidation,31.68,0,671,74.9,Charged Off
17300,36 months,11.39,569.58,B,9 years,MORTGAGE,29000,Not Verified,major_purchase,8.89,0,704,32.3,Fully Paid
13100,36 months,19.0,480.19,D,1 year,MORTGAGE,56700,Verified,credit_card,9.6,2,705,61.4,Fully Paid
24300,36 months,12.99,818.65,C,,OTHER,100600,Not Verified,small_business,11.5,1,698,57.2,Fully Paid
5300,36 months,8.96,168.44,B,10+ years,MORTGAGE,23900,Source Verified,medical,19.86,0,711,32.6,Fully Paid
7000,60 months,14.27,163.86,C,3 years,RENT,31800,Not Verified,debt_consolidation,24.65,0,695,49.5,Charged Off
18400,60 months,13.11,419.69,C,10+ years,RENT,35600,Source Verified,debt_consolidation,18.21,0,688,58.2,Charged Off
5800,36 months,16.73,206.01,C,10+ years,RENT,39400,Source Verified,major_purchase,11.41,0,692,68.9,Charged Off
12000,36 months,6.04,365.28,A,6 years,RENT,60200,Not Verified,debt_consolidation,5.32,1,754,45.2,Fully Paid
6900,36 months,6.0,209.91,A,9 years,MORTGAGE,28800,Verified,debt_consolidation,10.01,1,730,51.1,Fully Paid
12400,36 months,7.63,386.46,A,10+ years,RENT,70400,Not Verified,debt_consolidation,25.03,0,735,59.5,Fully Paid
20200,36 months,14.03,690.68,C,9 years,OTHER,65100,Source Verified,debt_consolidation,5.0,0,691,68.2,Fully Paid
5200,36 months,12.24,173.31,B,8 years,MORTGAGE,46900,Verified,debt_consolidation,25.25,0,712,29.1,Fully Paid
7200,36 months,7.6,224.3,A,< 1 year,RENT,23100,Not Verified,credit_card,8.95,1,744,88.2,Fully Paid
19100,36 months,17.18,682.68,D,10+ years,RENT,78300,Verified,credit_card,21.94,0,670,77.8,Fully Paid
11100,36 months,16.46,392.77,D,5 years,RENT,79100,Not Verified,debt_consolidation,6.67,0,690,38.5,Fully Paid
9400,36 months,16.94,334.86,C,4 years,MORTGAGE,48200,Not Verified,debt_consolidation,23.16,0,702,77.1,Fully Paid
14300,36 months,13.78,487.21,C,6 years,OWN,127900,Verified,debt_consolidation,13.54,0,710,6.7,Fully Paid
15100,60 months,13.34,346.21,C,10+ years,RENT,65500,Not Verified,debt_consolidation,16.95,1,708,69.8,Fully Paid
7400,60 months,10.13,157.7,B,5 years,RENT,94100,Source Verified,debt_consolidation,10.05,0,720,50.9,Fully Paid
8400,36 months,9.4,268.68,B,10+ years,RENT,39100,Verified,home_improvement,9.61,1,711,15.8,Fully Paid
7800,60 months,12.37,174.97,D,10+ years,RENT,35200,Verified,debt_consolidation,9.36,1,671,13.9,Fully Paid
12800,36 months,12.98,431.16,C,10+ years,MORTGAGE,49300,Not Verified,credit_card,30.7,0,697,19.4,Fully Paid
11800,36 months,10.53,383.7,B,10+ years,MORTGAGE,45000,Source Verified,debt_consolidation,41.0,0,699,67.0,Fully Paid
16200,60 months,5.72,311.09,A,8 years,MORTGAGE,50300,Not Verified,debt_consolidation,11.21,0,750,84.5,Fully Paid
9500,36 months,15.78,332.96,C,5 years,MORTGAGE,71600,Not Verified,debt_consolidation,20.04,1,708,32.2,Fully Paid
8900,36 months,11.15,292.01,B,9 years,MORTGAGE,85600,Not Verified,debt_consolidation,13.01,1,703,59.4,Fully Paid
18900,36 months,18.5,688.03,D,5 years,RENT,36500,Not Verified,debt_consolidation,17.17,0,687,44.3,Charged Off
15200,60 months,7.54,304.87,A,7 years,MORTGAGE,125400,Source Verified,debt_consolidation,13.96,0,763,84.3,Charged Off
14400,36 months,14.18,493.42,C,8 years,RENT,70500,Source Verified,debt_consolidation,20.1,1,688,64.2,Charged Off
18000,60 months,12.77,407.44,C,10+ years,MORTGAGE,60300,Source Verified,debt_consolidation,13.41,1,701,37.9,Fully Paid
8800,36 months,10.12,284.45,B,2 years,OWN,24900,Not Verified,home_improvement,18.02,0,726,41.9,Fully Paid
4600,36 months,22.77,177.51,E,2 years,RENT,77900,Source Verified,credit_card,12.56,1,671,29.5,Fully Paid
14700,60 months,6.8,289.69,A,2 years,MORTGAGE,146800,Verified,debt_consolidation,27.42,0,738,71.5,Charged Off
21700,36 months,14.47,746.62,C,10+ years,MORTGAGE,35800,Not Verified,debt_consolidation,13.34,2,707,27.7,Fully Paid
16300,36 months,18.86,596.34,D,10+ years,MORTGAGE,49300,Source Verified,debt_consolidation,29.64,0,660,69.7,Fully Paid
3100,36 months,16.61,109.92,D,6 years,RENT,71400,Source Verified,debt_consolidation,7.17,0,681,58.3,Fully Paid
8800,36 months,15.07,305.36,D,2 years,MORTGAGE,97900,Verified,credit_card,14.07,0,654,54.8,Fully Paid
3800,36 months,14.84,131.43,C,10+ years,MORTGAGE,56000,Source Verified,debt_consolidation,9.13,0,706,64.9,Fully Paid
27300,60 months,10.21,582.87,B,4 years,MORTGAGE,53000,Not Verified,major_purchase,12.17,0,717,27.7,Fully Paid
10400,36 months,29.32,437.63,G,5 years,RENT,104700,Not Verified,debt_consolidation,22.95,0,657,81.2,Charged Off
19400,36 months,7.68,605.07,A,10+ years,RENT,230100,Source Verified,major_purchase,17.69,0,752,22.5,Fully Paid
8600,60 months,14.37,201.76,C,6 years,RENT,37000,Not Verified,debt_consolidation,18.34,0,709,81.6,Fully Paid
8200,60 months,11.89,181.95,B,10+ years,OWN,93500,Verified,credit_card,15.1,0,722,57.9,Charged Off
12900,36 months,11.17,423.37,B,4 years,MORTGAGE,48900,Not Verified,debt_consolidation,17.99,1,693,41.8,Fully Paid
29100,60 months,6.32,566.92,A,10+ years,MORTGAGE,110100,Not Verified,credit_card,7.71,1,752,46.5,Fully Paid
10000,36 months,7.87,312.76,A,3 years,RENT,110800,Verified,debt_consolidation,15.92,0,772,83.3,Fully Paid
10000,36 months,11.68,330.62,B,5 years,RENT,64300,Not Verified,debt_consolidation,14.09,0,730,23.6,Fully Paid
2300,36 months,12.35,76.78,C,10+ years,RENT,71600,Verified,home_improvement,26.66,0,691,51.3,Fully Paid
22600,60 months,13.13,515.72,C,2 years,MORTGAGE,109300,Not Verified,debt_consolidation,21.0,0,690,66.7,Fully Paid
9100,36 months,10.38,295.26,B,,MORTGAGE,93100,Verified,major_purchase,5.36,0,708,38.8,Fully Paid
29300,60 months,9.65,617.5,B,5 years,MORTGAGE,101900,Source Verified,debt_consolidation,15.78,0,712,33.2,Fully Paid
5600,36 months,14.17,191.86,C,10+ years,MORTGAGE,52100,Verified,small_business,21.13,0,716,21.3,Fully Paid
11600,36 months,12.79,389.68,C,5 years,MORTGAGE,93400,Not Verified,debt_consolidation,6.3,0,718,44.7,Fully Paid
2400,36 months,14.27,82.34,C,10+ years,MORTGAGE,91700,Not Verified,credit_card,6.7,1,719,74.1,Fully Paid
15000,36 months,7.19,464.46,A,4 years,RENT,76600,Source Verified,debt_consolidation,20.71,0,738,6.2,Fully Paid
10300,60 months,7.33,205.56,A,4 years,RENT,24300,Not Verified,home_improvement,14.8,1,728,21.9,Fully Paid
15600,60 months,12.47,350.73,C,10+ years,RENT,43300,Not Verified,credit_card,11.27,0,708,65.4,Fully Paid
40000,60 months,6.76,787.53,A,10+ years,OWN,84700,Not Verified,debt_consolidation,17.74,0,737,27.7,Fully Paid
11300,36 months,19.13,414.96,E,4 years,RENT,60900,Not Verified,debt_consolidation,40.15,0,652,42.9,Charged Off
12200,36 months,6.94,376.37,A,9 years,RENT,98900,Not Verified,debt_consolidation,23.1,0,754,34.4,Fully Paid
8000,36 months,9.46,256.11,B,9 years,MORTGAGE,164600,Verified,credit_card,14.99,1,714,32.0,Fully Paid
18800,60 months,7.61,377.7,A,10+ years,RENT,65000,Source Verified,home_improvement,10.37,1,739,68.1,Charged Off
24700,36 months,11.38,813.1,B,10+ years,MORTGAGE,93800,Source Verified,credit_card,19.05,0,718,43.7,Fully Paid
28700,36 months,13.0,967.02,C,10+ years,MORTGAGE,65600,Not Verified,credit_card,27.34,0,709,88.8,Fully Paid
14700,36 months,7.2,455.24,A,10+ years,MORTGAGE,55800,Not Verified,home_improvement,9.02,0,743,63.8,Fully Paid
6600,60 months,9.32,138.03,B,10+ years,RENT,37100,Verified,other,6.34,0,737,56.1,Fully Paid
18500,36 months,11.29,608.21,B,10+ years,MORTGAGE,103600,Not Verified,other,14.57,0,719,62.7,Fully Paid
8600,60 months,7.16,170.94,A,3 years,OWN,60500,Not Verified,debt_consolidation,5.68,0,759,54.1,Fully Paid
9500,60 months,14.03,221.2,C,10+ years,MORTGAGE,114200,Source Verified,debt_consolidation,14.15,0,703,61.1,Fully Paid
9300,36 months,11.82,308.09,C,10+ years,MORTGAGE,14700,Verified,debt_consolidation,31.64,0,701,56.9,Charged Off
22800,36 months,14.47,784.46,C,2 years,RENT,98700,Not Verified,debt_consolidation,3.47,0,704,42.6,Fully Paid
3500,36 months,7.82,109.39,A,10+ years,MORTGAGE,39200,Not Verified,home_improvement,22.0,0,751,63.4,Fully Paid
10500,60 months,14.03,244.48,C,6 years,MORTGAGE,313700,Source Verified,debt_consolidation,15.36,0,704,63.7,Fully Paid
18400,36 months,9.73,591.39,B,7 years,RENT,109100,Source Verified,debt_consolidation,12.26,0,719,66.7,Fully Paid
13900,60 months,17.89,352.14,D,10+ years,MORTGAGE,112600,Source Verified,debt_consolidation,29.47,0,691,73.4,Charged Off
7000,36 months,11.33,230.27,B,10+ years,MORTGAGE,44600,Not Verified,credit_card,13.07,0,714,64.8,Fully Paid
9000,60 months,10.61,193.94,B,1 year,MORTGAGE,109500,Verified,credit_card,9.8,0,741,67.2,Fully Paid
14100,36 months,16.74,500.88,D,7 years,RENT,172900,Source Verified,small_business,13.49,0,692,58.2,Fully Paid
4900,36 months,14.0,167.47,C,10+ years,RENT,28000,Not Verified,debt_consolidation,7.01,0,693,44.2,Fully Paid
6300,60 months,10.17,134.38,B,10+ years,RENT,120600,Not Verified,credit_card,6.88,0,714,38.8,Fully Paid
13400,36 months,12.01,445.14,B,9 years,MORTGAGE,74400,Source Verified,debt_consolidation,10.64,1,703,62.1,Fully Paid
6800,60 months,13.27,155.66,C,10+ years,MORTGAGE,32400,Source Verified,major_purchase,11.13,0,701,33.8,Fully Paid
6800,36 months,12.61,227.84,C,< 1 year,MORTGAGE,90900,Not Verified,debt_consolidation,13.79,2,698,36.9,Fully Paid
27700,36 months,7.35,859.74,A,1 year,MORTGAGE,65900,Verified,debt_consolidation,20.7,0,739,90.4,Fully Paid
18700,36 months,12.21,622.98,C,10+ years,MORTGAGE,151600,Source Verified,debt_consolidation,4.8,0,705,55.2,Fully Paid
8300,36 months,14.34,285.05,D,10+ years,RENT,41000,Source Verified,home_improvement,16.93,0,659,39.8,Charged Off
11700,36 months,17.18,418.19,D,4 years,RENT,137000,Not Verified,home_improvement,17.9,1,695,66.4,Fully Paid
23500,36 months,13.86,801.58,C,1 year,MORTGAGE,108500,Not Verified,debt_consolidation,11.2,0,692,41.2,Fully Paid
13900,60 months,13.44,319.41,C,6 years,OWN,79800,Not Verified,debt_consolidation,25.33,0,730,52.5,Charged Off
11600,60 months,14.33,271.9,C,10+ years,RENT,32400,Source Verified,other,20.1,2,716,87.8,Charged Off
6400,36 months,6.59,196.42,A,10+ years,RENT,83000,Source Verified,credit_card,11.56,2,743,49.9,Fully Paid
14100,36 months,6.68,433.31,A,5 years,RENT,100100,Not Verified,debt_consolidation,19.5,0,763,73.3,Fully Paid
7100,60 months,12.23,158.76,B,1 year,RENT,41300,Not Verified,debt_consolidation,14.23,1,759,38.3,Fully Paid
6400,60 months,13.02,145.69,C,10+ years,MORTGAGE,59700,Not Verified,credit_card,22.17,0,687,22.2,Fully Paid
21200,60 months,19.43,554.97,E,< 1 year,RENT,145000,Not Verified,other,8.83,1,666,30.5,Fully Paid
14700,60 months,10.76,317.86,C,2 years,MORTGAGE,41900,Verified,debt_consolidation,17.61,1,716,60.3,Fully Paid
13100,60 months,11.31,286.86,B,4 years,MORTGAGE,28400,Verified,debt_consolidation,18.5,0,705,59.1,Fully Paid
7900,36 months,23.13,306.34,F,9 years,MORTGAGE,67400,Source Verified,debt_consolidation,11.39,0,673,33.6,Fully Paid
7600,36 months,15.23,264.31,C,8 years,MORTGAGE,84000,Source Verified,debt_consolidation,33.06,0,695,22.2,Fully Paid
16500,36 months,14.95,571.57,D,7 years,MORTGAGE,54700,Verified,debt_consolidation,31.65,2,682,77.2,Charged Off
13200,36 months,7.77,412.24,A,10+ years,MORTGAGE,52900,Not Verified,home_improvement,12.97,1,734,35.6,Fully Paid
16700,36 months,5.33,502.99,A,2 years,RENT,66600,Source Verified,debt_consolidation,11.13,0,743,22.9,Fully Paid
12200,36 months,11.49,402.25,B,< 1 year,MORTGAGE,68400,Source Verified,small_business,22.6,1,707,39.1,Fully Paid
5800,36 months,11.47,191.18,B,5 years,RENT,190600,Verified,credit_card,14.85,0,699,44.1,Fully Paid
7700,60 months,14.02,179.25,C,4 years,MORTGAGE,39000,Not Verified,debt_consolidation,23.22,1,702,82.7,Charged Off
5900,36 months,14.73,203.75,D,6 years,MORTGAGE,109100,Source Verified,credit_card,23.93,0,685,54.8,Fully Paid
9300,36 months,11.88,308.36,B,10+ years,MORTGAGE,107800,Verified,other,14.87,0,728,55.5,Fully Paid
12000,60 months,12.9,272.42,C,1 year,RENT,44200,Not Verified,debt_consolidation,18.54,1,696,27.8,Fully Paid
14300,36 months,10.41,464.18,B,10+ years,MORTGAGE,35500,Verified,home_improvement,21.6,0,705,,Fully Paid
21500,36 months,11.56,709.6,B,3 years,MORTGAGE,81200,Source Verified,credit_card,18.44,0,721,42.1,Fully Paid
9100,60 months,9.49,191.07,B,7 years,RENT,43100,Verified,debt_consolidation,6.16,1,718,45.8,Fully Paid
6200,60 months,11.48,136.29,B,2 years,RENT,39600,Source Verified,debt_consolidation,15.9,0,724,68.3,Fully Paid
30600,60 months,14.14,714.23,C,< 1 year,OWN,40800,Verified,debt_consolidation,10.42,0,709,51.1,Fully Paid
7700,36 months,11.32,253.26,B,< 1 year,RENT,14500,Not Verified,debt_consolidation,25.89,1,730,74.6,Fully Paid
21400,36 months,12.82,719.2,B,1 year,RENT,78900,Source Verified,debt_consolidation,14.11,0,734,35.6,Fully Paid
40000,60 months,6.23,777.6,A,4 years,MORTGAGE,33300,Source Verified,debt_consolidation,22.69,0,743,64.8,Fully Paid
10400,36 months,15.12,361.13,D,3 years,MORTGAGE,106000,Verified,debt_consolidation,17.71,0,692,69.0,Fully Paid
11900,36 months,12.99,400.9,C,10+ years,MORTGAGE,56300,Not Verified,debt_consolidation,24.18,0,710,46.2,Fully Paid
5000,36 months,17.94,180.61,E,10+ years,MORTGAGE,125100,Not Verified,credit_card,27.89,0,657,63.1,Fully Paid
12200,36 months,11.2,400.57,B,3 years,MORTGAGE,66000,Source Verified,debt_consolidation,26.55,1,723,43.0,Fully Paid
12400,60 months,5.79,238.52,A,2 years,RENT,76000,Verified,medical,11.93,1,746,73.7,Fully Paid
18900,36 months,7.84,590.86,A,9 years,MORTGAGE,61600,Source Verified,debt_consolidation,16.05,1,756,63.3,Fully Paid
7300,36 months,7.14,225.87,A,10+ years,MORTGAGE,39100,Verified,debt_consolidation,21.31,1,737,48.1,Fully Paid
34800,36 months,20.81,1307.7,E,5 years,MORTGAGE,62500,Source Verified,debt_consolidation,22.87,0,683,57.4,Fully Paid
18400,36 months,10.43,597.44,B,10+ years,RENT,25500,Verified,major_purchase,15.82,0,729,56.3,Fully Paid
10600,36 months,11.38,348.94,B,10+ years,RENT,112500,Verified,debt_consolidation,28.85,1,721,44.3,Fully Paid
8400,60 months,21.86,231.33,E,8 years,RENT,58400,Not Verified,debt_consolidation,23.72,0,677,43.9,Fully Paid
7500,60 months,14.92,178.11,C,4 years,RENT,111700,Not Verified,debt_consolidation,13.16,0,685,79.3,Fully Paid
7300,36 months,11.7,241.42,B,10+ years,MORTGAGE,151200,Verified,debt_consolidation,25.26,0,721,90.9,Charged Off
11000,36 months,12.09,365.83,B,10+ years,OWN,132400,Verified,car,17.26,0,730,39.7,Fully Paid
13100,36 months,10.85,427.95,B,10+ years,MORTGAGE,48600,Not Verified,debt_consolidation,10.01,1,708,60.9,Fully Paid
24200,36 months,5.5,730.74,A,2 years,RENT,34200,Source Verified,debt_consolidation,38.09,0,757,58.1,Fully Paid
13500,36 months,9.3,431.18,B,10+ years,RENT,95700,Verified,credit_card,7.92,0,734,81.5,Fully Paid
19200,36 months,11.54,633.5,B,10+ years,RENT,36000,Not Verified,small_business,4.66,0,718,61.5,Fully Paid
9400,36 months,8.42,296.39,B,10+ years,MORTGAGE,57700,Verified,debt_consolidation,22.12,1,710,54.3,Charged Off
6600,36 months,10.72,215.2,B,10+ years,OWN,24800,Not Verified,other,15.54,0,740,34.4,Fully Paid
4500,36 months,7.4,139.77,A,10+ years,MORTGAGE,25800,Not Verified,home_improvement,2.98,0,730,59.0,Fully Paid
9900,60 months,8.17,201.54,A,7 years,RENT,35500,Not Verified,credit_card,13.62,0,745,73.3,Fully Paid
15200,36 months,13.67,517.07,D,10+ years,MORTGAGE,62700,Not Verified,credit_card,25.89,1,676,91.4,Charged Off
6600,36 months,7.76,206.09,A,10+ years,OWN,194900,Verified,credit_card,17.3,1,728,42.8,Fully Paid
3900,36 months,13.67,132.67,C,9 years,RENT,51100,Not Verified,major_purchase,17.88,1,716,,Fully Paid
38700,60 months,16.57,952.87,D,10+ years,MORTGAGE,46300,Not Verified,major_purchase,14.84,0,688,61.9,Charged Off
7100,36 months,5.55,214.55,A,2 years,RENT,38800,Source Verified,credit_card,7.83,0,756,36.1,Fully Paid
17700,36 months,10.27,573.38,B,3 years,MORTGAGE,54300,Source Verified,credit_card,13.88,0,714,63.2,Fully Paid
28200,36 months,12.97,949.76,C,10+ years,RENT,61700,Not Verified,credit_card,19.1,0,700,42.3,Fully Paid
5800,36 months,18.74,211.84,D,10+ years,RENT,83000,Source Verified,debt_consolidation,11.08,0,691,70.6,Fully Paid
9500,60 months,10.43,203.86,B,10+ years,RENT,98100,Source Verified,home_improvement,21.81,0,701,50.2,Fully Paid
11400,36 months,11.42,375.49,B,1 year,MORTGAGE,91800,Verified,debt_consolidation,17.17,0,718,75.8,Fully Paid
6800,36 months,12.35,227.0,C,10+ years,RENT,86600,Not Verified,debt_consolidation,11.41,0,684,50.6,Fully Paid
5700,36 months,15.65,199.41,D,,RENT,79400,Verified,car,23.98,1,676,37.9,Fully Paid
10000,36 months,14.16,342.55,C,1 year,RENT,77100,Verified,debt_consolidation,11.88,1,708,76.3,Fully Paid
6600,36 months,11.56,217.83,B,,MORTGAGE,88500,Not Verified,debt_consolidation,20.21,0,726,86.2,Fully Paid
29400,36 months,5.58,888.82,A,10+ years,MORTGAGE,92700,Source Verified,debt_consolidation,31.41,0,755,10.8,Fully Paid
14600,36 months,8.62,461.7,B,2 years,MORTGAGE,116200,Verified,credit_card,5.24,1,720,82.9,Fully Paid
9500,60 months,10.74,205.32,B,10+ years,OWN,49800,Source Verified,credit_card,16.53,0,709,61.9,Fully Paid
5700,60 months,6.64,111.9,A,7 years,RENT,74100,Not Verified,debt_consolidation,9.68,1,755,18.1,Fully Paid
